<?xml version="1.0" encoding="UTF-8" ?>
<Banners>
<Banner>
  <id>35141</id>
  <BannerPath>fanart/original/80379-2.jpg</BannerPath>
  <BannerType>fanart</BannerType>
  <BannerType2>1920x1080</BannerType2>
  <Colors>|192,185,169|19,20,25|57,70,89|</Colors>
  <Language>en</Language>
  <SeriesName>false</SeriesName>
  <ThumbnailPath>_cache/fanart/original/80379-2.jpg</ThumbnailPath>
  <VignettePath>fanart/vignette/80379-2.jpg</VignettePath>
</Banner>
<Banner>
  <id>28760</id>
  <BannerPath>fanart/original/80379-4.jpg</BannerPath>
  <BannerType>fanart</BannerType>
  <BannerType2>1280x720</BannerType2>
  <Colors>|254,157,210|11,12,7|191,152,111|</Colors>
  <Language>en</Language>
  <SeriesName>false</SeriesName>
  <ThumbnailPath>_cache/fanart/original/80379-4.jpg</ThumbnailPath>
  <VignettePath>fanart/vignette/80379-4.jpg</VignettePath>
</Banner>
<Banner>
  <id>21982</id>
  <BannerPath>fanart/original/80379-1.jpg</BannerPath>
  <BannerType>fanart</BannerType>
  <BannerType2>1280x720</BannerType2>
  <Colors>|224,200,176|11,1,28|164,96,0|</Colors>
  <Language>en</Language>
  <SeriesName>false</SeriesName>
  <ThumbnailPath>_cache/fanart/original/80379-1.jpg</ThumbnailPath>
  <VignettePath>fanart/vignette/80379-1.jpg</VignettePath>
</Banner>
<Banner>
  <id>183001</id>
  <BannerPath>fanart/original/80379-10.jpg</BannerPath>
  <BannerType>fanart</BannerType>
  <BannerType2>1280x720</BannerType2>
  <Colors>|103,77,60|224,180,153|129,100,84|</Colors>
  <Language>en</Language>
  <SeriesName>false</SeriesName>
  <ThumbnailPath>_cache/fanart/original/80379-10.jpg</ThumbnailPath>
  <VignettePath>fanart/vignette/80379-10.jpg</VignettePath>
</Banner>
<Banner>
  <id>277971</id>
  <BannerPath>fanart/original/80379-20.jpg</BannerPath>
  <BannerType>fanart</BannerType>
  <BannerType2>1280x720</BannerType2>
  <Colors></Colors>
  <Language>en</Language>
  <SeriesName>true</SeriesName>
  <ThumbnailPath>_cache/fanart/original/80379-20.jpg</ThumbnailPath>
  <VignettePath>fanart/vignette/80379-20.jpg</VignettePath>
</Banner>
<Banner>
  <id>30809</id>
  <BannerPath>fanart/original/80379-9.jpg</BannerPath>
  <BannerType>fanart</BannerType>
  <BannerType2>1920x1080</BannerType2>
  <Colors>|246,199,69|98,55,38|161,127,82|</Colors>
  <Language>en</Language>
  <SeriesName>false</SeriesName>
  <ThumbnailPath>_cache/fanart/original/80379-9.jpg</ThumbnailPath>
  <VignettePath>fanart/vignette/80379-9.jpg</VignettePath>
</Banner>
<Banner>
  <id>99771</id>
  <BannerPath>fanart/original/80379-13.jpg</BannerPath>
  <BannerType>fanart</BannerType>
  <BannerType2>1280x720</BannerType2>
  <Colors></Colors>
  <Language>en</Language>
  <SeriesName>false</SeriesName>
  <ThumbnailPath>_cache/fanart/original/80379-13.jpg</ThumbnailPath>
  <VignettePath>fanart/vignette/80379-13.jpg</VignettePath>
</Banner>
<Banner>
  <id>122961</id>
  <BannerPath>fanart/original/80379-6.jpg</BannerPath>
  <BannerType>fanart</BannerType>
  <BannerType2>1280x720</BannerType2>
  <Colors></Colors>
  <Language>de</Language>
  <SeriesName>false</SeriesName>
  <ThumbnailPath>_cache/fanart/original/80379-6.jpg</ThumbnailPath>
  <VignettePath>fanart/vignette/80379-6.jpg</VignettePath>
</Banner>
<Banner>
  <id>93671</id>
  <BannerPath>fanart/original/80379-11.jpg</BannerPath>
  <BannerType>fanart</BannerType>
  <BannerType2>1280x720</BannerType2>
  <Colors></Colors>
  <Language>en</Language>
  <SeriesName>true</SeriesName>
  <ThumbnailPath>_cache/fanart/original/80379-11.jpg</ThumbnailPath>
  <VignettePath>fanart/vignette/80379-11.jpg</VignettePath>
</Banner>
<Banner>
  <id>234581</id>
  <BannerPath>fanart/original/80379-18.jpg</BannerPath>
  <BannerType>fanart</BannerType>
  <BannerType2>1280x720</BannerType2>
  <Colors></Colors>
  <Language>de</Language>
  <SeriesName>false</SeriesName>
  <ThumbnailPath>_cache/fanart/original/80379-18.jpg</ThumbnailPath>
  <VignettePath>fanart/vignette/80379-18.jpg</VignettePath>
</Banner>
<Banner>
  <id>26620</id>
  <BannerPath>fanart/original/80379-3.jpg</BannerPath>
  <BannerType>fanart</BannerType>
  <BannerType2>1280x720</BannerType2>
  <Colors>|248,248,248|64,54,78|188,193,196|</Colors>
  <Language>en</Language>
  <SeriesName>false</SeriesName>
  <ThumbnailPath>_cache/fanart/original/80379-3.jpg</ThumbnailPath>
  <VignettePath>fanart/vignette/80379-3.jpg</VignettePath>
</Banner>
<Banner>
  <id>43186</id>
  <BannerPath>fanart/original/80379-7.jpg</BannerPath>
  <BannerType>fanart</BannerType>
  <BannerType2>1280x720</BannerType2>
  <Colors>|159,150,133|59,39,32|168,147,104|</Colors>
  <Language>en</Language>
  <SeriesName>false</SeriesName>
  <ThumbnailPath>_cache/fanart/original/80379-7.jpg</ThumbnailPath>
  <VignettePath>fanart/vignette/80379-7.jpg</VignettePath>
</Banner>
<Banner>
  <id>122971</id>
  <BannerPath>fanart/original/80379-8.jpg</BannerPath>
  <BannerType>fanart</BannerType>
  <BannerType2>1280x720</BannerType2>
  <Colors></Colors>
  <Language>de</Language>
  <SeriesName>false</SeriesName>
  <ThumbnailPath>_cache/fanart/original/80379-8.jpg</ThumbnailPath>
  <VignettePath>fanart/vignette/80379-8.jpg</VignettePath>
</Banner>
<Banner>
  <id>132621</id>
  <BannerPath>fanart/original/80379-19.jpg</BannerPath>
  <BannerType>fanart</BannerType>
  <BannerType2>1920x1080</BannerType2>
  <Colors></Colors>
  <Language>en</Language>
  <SeriesName>false</SeriesName>
  <ThumbnailPath>_cache/fanart/original/80379-19.jpg</ThumbnailPath>
  <VignettePath>fanart/vignette/80379-19.jpg</VignettePath>
</Banner>
<Banner>
  <id>93681</id>
  <BannerPath>fanart/original/80379-12.jpg</BannerPath>
  <BannerType>fanart</BannerType>
  <BannerType2>1280x720</BannerType2>
  <Colors></Colors>
  <Language>en</Language>
  <SeriesName>true</SeriesName>
  <ThumbnailPath>_cache/fanart/original/80379-12.jpg</ThumbnailPath>
  <VignettePath>fanart/vignette/80379-12.jpg</VignettePath>
</Banner>
<Banner>
  <id>26622</id>
  <BannerPath>fanart/original/80379-5.jpg</BannerPath>
  <BannerType>fanart</BannerType>
  <BannerType2>1920x1080</BannerType2>
  <Colors>|226,209,165|51,18,9|89,54,24|</Colors>
  <Language>en</Language>
  <SeriesName>false</SeriesName>
  <ThumbnailPath>_cache/fanart/original/80379-5.jpg</ThumbnailPath>
  <VignettePath>fanart/vignette/80379-5.jpg</VignettePath>
</Banner>
<Banner>
  <id>196771</id>
  <BannerPath>fanart/original/80379-16.jpg</BannerPath>
  <BannerType>fanart</BannerType>
  <BannerType2>1920x1080</BannerType2>
  <Colors></Colors>
  <Language>ru</Language>
  <SeriesName>false</SeriesName>
  <ThumbnailPath>_cache/fanart/original/80379-16.jpg</ThumbnailPath>
  <VignettePath>fanart/vignette/80379-16.jpg</VignettePath>
</Banner>
<Banner>
  <id>170561</id>
  <BannerPath>fanart/original/80379-15.jpg</BannerPath>
  <BannerType>fanart</BannerType>
  <BannerType2>1920x1080</BannerType2>
  <Colors></Colors>
  <Language>en</Language>
  <SeriesName>false</SeriesName>
  <ThumbnailPath>_cache/fanart/original/80379-15.jpg</ThumbnailPath>
  <VignettePath>fanart/vignette/80379-15.jpg</VignettePath>
</Banner>
<Banner>
  <id>170631</id>
  <BannerPath>fanart/original/80379-22.jpg</BannerPath>
  <BannerType>fanart</BannerType>
  <BannerType2>1920x1080</BannerType2>
  <Colors></Colors>
  <Language>ru</Language>
  <SeriesName>false</SeriesName>
  <ThumbnailPath>_cache/fanart/original/80379-22.jpg</ThumbnailPath>
  <VignettePath>fanart/vignette/80379-22.jpg</VignettePath>
</Banner>
<Banner>
  <id>170551</id>
  <BannerPath>fanart/original/80379-14.jpg</BannerPath>
  <BannerType>fanart</BannerType>
  <BannerType2>1920x1080</BannerType2>
  <Colors></Colors>
  <Language>en</Language>
  <SeriesName>false</SeriesName>
  <ThumbnailPath>_cache/fanart/original/80379-14.jpg</ThumbnailPath>
  <VignettePath>fanart/vignette/80379-14.jpg</VignettePath>
</Banner>
<Banner>
  <id>196781</id>
  <BannerPath>fanart/original/80379-17.jpg</BannerPath>
  <BannerType>fanart</BannerType>
  <BannerType2>1920x1080</BannerType2>
  <Colors></Colors>
  <Language>ru</Language>
  <SeriesName>false</SeriesName>
  <ThumbnailPath>_cache/fanart/original/80379-17.jpg</ThumbnailPath>
  <VignettePath>fanart/vignette/80379-17.jpg</VignettePath>
</Banner>
<Banner>
  <id>25410</id>
  <BannerPath>posters/80379-1.jpg</BannerPath>
  <BannerType>poster</BannerType>
  <BannerType2>680x1000</BannerType2>
  <Language>en</Language>
</Banner>
<Banner>
  <id>118641</id>
  <BannerPath>posters/80379-2.jpg</BannerPath>
  <BannerType>poster</BannerType>
  <BannerType2>680x1000</BannerType2>
  <Language>en</Language>
</Banner>
<Banner>
  <id>30397</id>
  <BannerPath>seasons/80379-2.jpg</BannerPath>
  <BannerType>season</BannerType>
  <BannerType2>season</BannerType2>
  <Language>en</Language>
  <Season>2</Season>
</Banner>
<Banner>
  <id>108261</id>
  <BannerPath>seasons/80379-1-3.jpg</BannerPath>
  <BannerType>season</BannerType>
  <BannerType2>season</BannerType2>
  <Language>sv</Language>
  <Season>1</Season>
</Banner>
<Banner>
  <id>23533</id>
  <BannerPath>seasons/80379-1.jpg</BannerPath>
  <BannerType>season</BannerType>
  <BannerType2>season</BannerType2>
  <Language>en</Language>
  <Season>1</Season>
</Banner>
<Banner>
  <id>16680</id>
  <BannerPath>seasons/80379-1-2.jpg</BannerPath>
  <BannerType>season</BannerType>
  <BannerType2>season</BannerType2>
  <Language>en</Language>
  <Season>1</Season>
</Banner>
<Banner>
  <id>235511</id>
  <BannerPath>seasons/80379-3.jpg</BannerPath>
  <BannerType>season</BannerType>
  <BannerType2>season</BannerType2>
  <Language>en</Language>
  <Season>3</Season>
</Banner>
<Banner>
  <id>247721</id>
  <BannerPath>seasons/80379-3-2.jpg</BannerPath>
  <BannerType>season</BannerType>
  <BannerType2>season</BannerType2>
  <Language>ru</Language>
  <Season>3</Season>
</Banner>
<Banner>
  <id>219741</id>
  <BannerPath>seasons/80379-2-5.jpg</BannerPath>
  <BannerType>season</BannerType>
  <BannerType2>season</BannerType2>
  <Language>en</Language>
  <Season>2</Season>
</Banner>
<Banner>
  <id>170531</id>
  <BannerPath>seasons/80379-1-4.jpg</BannerPath>
  <BannerType>season</BannerType>
  <BannerType2>season</BannerType2>
  <Language>ru</Language>
  <Season>1</Season>
</Banner>
<Banner>
  <id>219731</id>
  <BannerPath>seasons/80379-2-4.jpg</BannerPath>
  <BannerType>season</BannerType>
  <BannerType2>season</BannerType2>
  <Language>en</Language>
  <Season>2</Season>
</Banner>
<Banner>
  <id>219721</id>
  <BannerPath>seasons/80379-2-3.jpg</BannerPath>
  <BannerType>season</BannerType>
  <BannerType2>season</BannerType2>
  <Language>en</Language>
  <Season>2</Season>
</Banner>
<Banner>
  <id>235461</id>
  <BannerPath>seasons/80379-2-6.jpg</BannerPath>
  <BannerType>season</BannerType>
  <BannerType2>season</BannerType2>
  <Language>en</Language>
  <Season>2</Season>
</Banner>
<Banner>
  <id>219701</id>
  <BannerPath>seasons/80379-1-5.jpg</BannerPath>
  <BannerType>season</BannerType>
  <BannerType2>season</BannerType2>
  <Language>en</Language>
  <Season>1</Season>
</Banner>
<Banner>
  <id>170501</id>
  <BannerPath>seasons/80379-2-2.jpg</BannerPath>
  <BannerType>season</BannerType>
  <BannerType2>season</BannerType2>
  <Language>ru</Language>
  <Season>2</Season>
</Banner>
<Banner>
  <id>30640</id>
  <BannerPath>graphical/80379-g5.jpg</BannerPath>
  <BannerType>series</BannerType>
  <BannerType2>graphical</BannerType2>
  <Language>en</Language>
</Banner>
<Banner>
  <id>19707</id>
  <BannerPath>graphical/80379-g3.jpg</BannerPath>
  <BannerType>series</BannerType>
  <BannerType2>graphical</BannerType2>
  <Language>en</Language>
</Banner>
<Banner>
  <id>44621</id>
  <BannerPath>graphical/80379-g6.jpg</BannerPath>
  <BannerType>series</BannerType>
  <BannerType2>graphical</BannerType2>
  <Language>en</Language>
</Banner>
<Banner>
  <id>20071</id>
  <BannerPath>graphical/80379-g4.jpg</BannerPath>
  <BannerType>series</BannerType>
  <BannerType2>graphical</BannerType2>
  <Language>en</Language>
</Banner>
<Banner>
  <id>16694</id>
  <BannerPath>graphical/80379-g2.jpg</BannerPath>
  <BannerType>series</BannerType>
  <BannerType2>graphical</BannerType2>
  <Language>en</Language>
</Banner>
<Banner>
  <id>151441</id>
  <BannerPath>text/80379-2.jpg</BannerPath>
  <BannerType>series</BannerType>
  <BannerType2>text</BannerType2>
  <Language>en</Language>
</Banner>
<Banner>
  <id>151461</id>
  <BannerPath>text/80379-4.jpg</BannerPath>
  <BannerType>series</BannerType>
  <BannerType2>text</BannerType2>
  <Language>en</Language>
</Banner>
<Banner>
  <id>16211</id>
  <BannerPath>graphical/80379-g.jpg</BannerPath>
  <BannerType>series</BannerType>
  <BannerType2>graphical</BannerType2>
  <Language>en</Language>
</Banner>
<Banner>
  <id>151471</id>
  <BannerPath>graphical/80379-g7.jpg</BannerPath>
  <BannerType>series</BannerType>
  <BannerType2>graphical</BannerType2>
  <Language>en</Language>
</Banner>
<Banner>
  <id>14862</id>
  <BannerPath>text/80379.jpg</BannerPath>
  <BannerType>series</BannerType>
  <BannerType2>text</BannerType2>
  <Language>en</Language>
</Banner>
<Banner>
  <id>14863</id>
  <BannerPath>blank/80379.jpg</BannerPath>
  <BannerType>series</BannerType>
  <BannerType2>blank</BannerType2>
  <Language>en</Language>
</Banner>
<Banner>
  <id>151451</id>
  <BannerPath>text/80379-3.jpg</BannerPath>
  <BannerType>series</BannerType>
  <BannerType2>text</BannerType2>
  <Language>en</Language>
</Banner>
<Banner>
  <id>173921</id>
  <BannerPath>graphical/80379-g9.jpg</BannerPath>
  <BannerType>series</BannerType>
  <BannerType2>graphical</BannerType2>
  <Language>ru</Language>
</Banner>
<Banner>
  <id>173911</id>
  <BannerPath>graphical/80379-g8.jpg</BannerPath>
  <BannerType>series</BannerType>
  <BannerType2>graphical</BannerType2>
  <Language>ru</Language>
</Banner>
</Banners>