<?xml version="1.0" encoding="UTF-8" ?>
<Data><Series>
  <id>80379</id>
  <Actors>|Johnny Galecki|Kaley Cuoco|Jim Parsons|Sara Gilbert|Kunal Nayyar|Simon Helberg|</Actors>
  <Airs_DayOfWeek>Monday</Airs_DayOfWeek>
  <Airs_Time>9:30 PM</Airs_Time>
  <ContentRating>TV-PG</ContentRating>
  <FirstAired>2007-09-01</FirstAired>
  <Genre>|Comedy|</Genre>
  <IMDB_ID>tt0898266</IMDB_ID>
  <Language>en</Language>
  <Network>CBS</Network>
  <NetworkID></NetworkID>
  <Overview>A woman who moves into an apartment next door to two brilliant but socially awkward physicists shows them how little they know about life outside of the laboratory</Overview>
  <Rating>9.0</Rating>
  <Runtime>30</Runtime>
  <SeriesID>58056</SeriesID>
  <SeriesName>The Big Bang Theory</SeriesName>
  <Status>Continuing</Status>
  <added></added>
  <addedBy></addedBy>
  <banner>graphical/80379-g5.jpg</banner>
  <fanart>fanart/original/80379-2.jpg</fanart>
  <lastupdated>1258820396</lastupdated>
  <poster>posters/80379-1.jpg</poster>
  <zap2it_id>SH931182</zap2it_id>
</Series>
<Episode>
  <id>1102131</id>
  <Combined_episodenumber>101</Combined_episodenumber>
  <Combined_season>2</Combined_season>
  <DVD_chapter></DVD_chapter>
  <DVD_discid>4</DVD_discid>
  <DVD_episodenumber></DVD_episodenumber>
  <DVD_season>2</DVD_season>
  <Director></Director>
  <EpImgFlag></EpImgFlag>
  <EpisodeName>Physicist To The Stars</EpisodeName>
  <EpisodeNumber>101</EpisodeNumber>
  <FirstAired></FirstAired>
  <GuestStars></GuestStars>
  <IMDB_ID></IMDB_ID>
  <Language>en</Language>
  <Overview></Overview>
  <ProductionCode></ProductionCode>
  <Rating></Rating>
  <SeasonNumber>0</SeasonNumber>
  <Writer></Writer>
  <absolute_number></absolute_number>
  <airsafter_season>2</airsafter_season>
  <airsbefore_episode></airsbefore_episode>
  <airsbefore_season></airsbefore_season>
  <filename></filename>
  <lastupdated>1257633851</lastupdated>
  <seasonid>28046</seasonid>
  <seriesid>80379</seriesid>
</Episode>
<Episode>
  <id>1088021</id>
  <Combined_episodenumber>102</Combined_episodenumber>
  <Combined_season>2</Combined_season>
  <DVD_chapter></DVD_chapter>
  <DVD_discid>4</DVD_discid>
  <DVD_episodenumber></DVD_episodenumber>
  <DVD_season>2</DVD_season>
  <Director></Director>
  <EpImgFlag></EpImgFlag>
  <EpisodeName>Season 2 Gag Reel</EpisodeName>
  <EpisodeNumber>102</EpisodeNumber>
  <FirstAired></FirstAired>
  <GuestStars></GuestStars>
  <IMDB_ID></IMDB_ID>
  <Language>en</Language>
  <Overview>Season 2 Gag Reel</Overview>
  <ProductionCode></ProductionCode>
  <Rating></Rating>
  <SeasonNumber>0</SeasonNumber>
  <Writer></Writer>
  <absolute_number></absolute_number>
  <airsafter_season>2</airsafter_season>
  <airsbefore_episode></airsbefore_episode>
  <airsbefore_season></airsbefore_season>
  <filename></filename>
  <lastupdated>1257633890</lastupdated>
  <seasonid>28046</seasonid>
  <seriesid>80379</seriesid>
</Episode>
<Episode>
  <id>1102151</id>
  <Combined_episodenumber>103</Combined_episodenumber>
  <Combined_season>2</Combined_season>
  <DVD_chapter></DVD_chapter>
  <DVD_discid>4</DVD_discid>
  <DVD_episodenumber></DVD_episodenumber>
  <DVD_season>2</DVD_season>
  <Director></Director>
  <EpImgFlag></EpImgFlag>
  <EpisodeName>Testing The Infinte Hilarity Hypothesis Of The Big Bang Theory</EpisodeName>
  <EpisodeNumber>103</EpisodeNumber>
  <FirstAired></FirstAired>
  <GuestStars></GuestStars>
  <IMDB_ID></IMDB_ID>
  <Language>en</Language>
  <Overview></Overview>
  <ProductionCode></ProductionCode>
  <Rating></Rating>
  <SeasonNumber>0</SeasonNumber>
  <Writer></Writer>
  <absolute_number></absolute_number>
  <airsafter_season>2</airsafter_season>
  <airsbefore_episode></airsbefore_episode>
  <airsbefore_season></airsbefore_season>
  <filename></filename>
  <lastupdated>1257633875</lastupdated>
  <seasonid>28046</seasonid>
  <seriesid>80379</seriesid>
</Episode>
<Episode>
  <id>1147541</id>
  <Combined_episodenumber>0</Combined_episodenumber>
  <Combined_season>1</Combined_season>
  <DVD_chapter></DVD_chapter>
  <DVD_discid></DVD_discid>
  <DVD_episodenumber></DVD_episodenumber>
  <DVD_season></DVD_season>
  <Director>James Burrows</Director>
  <EpImgFlag></EpImgFlag>
  <EpisodeName>Pilot (Preair)</EpisodeName>
  <EpisodeNumber>0</EpisodeNumber>
  <FirstAired></FirstAired>
  <GuestStars>Vernee Watson-Johnson|Brian Patrick Wade</GuestStars>
  <IMDB_ID></IMDB_ID>
  <Language>en</Language>
  <Overview>Brilliant physicist roommates Leonard and Sheldon meet their new neighbor Penny, who begins showing them that as much as they know about science, they know little about actual living.</Overview>
  <ProductionCode></ProductionCode>
  <Rating></Rating>
  <SeasonNumber>1</SeasonNumber>
  <Writer>Chuck Lorre|Bill Prady</Writer>
  <absolute_number></absolute_number>
  <filename></filename>
  <lastupdated>1254675603</lastupdated>
  <seasonid>28047</seasonid>
  <seriesid>80379</seriesid>
</Episode>
<Episode>
  <id>332484</id>
  <Combined_episodenumber>1</Combined_episodenumber>
  <Combined_season>1</Combined_season>
  <DVD_chapter></DVD_chapter>
  <DVD_discid></DVD_discid>
  <DVD_episodenumber></DVD_episodenumber>
  <DVD_season></DVD_season>
  <Director>James Burrows</Director>
  <EpImgFlag>2</EpImgFlag>
  <EpisodeName>The Pilot</EpisodeName>
  <EpisodeNumber>1</EpisodeNumber>
  <FirstAired>2007-09-24</FirstAired>
  <GuestStars>Vernee Watson-Johnson|Brian Patrick Wade</GuestStars>
  <IMDB_ID>tt0775431</IMDB_ID>
  <Language>en</Language>
  <Overview>Brilliant physicist roommates Leonard and Sheldon meet their new neighbor Penny, who begins showing them that as much as they know about science, they know little about actual living.</Overview>
  <ProductionCode></ProductionCode>
  <Rating>7.8</Rating>
  <SeasonNumber>1</SeasonNumber>
  <Writer>Chuck Lorre|Bill Prady</Writer>
  <absolute_number></absolute_number>
  <filename>episodes/80379/332484.jpg</filename>
  <lastupdated>1258586450</lastupdated>
  <seasonid>28047</seasonid>
  <seriesid>80379</seriesid>
</Episode>
<Episode>
  <id>337065</id>
  <Combined_episodenumber>2</Combined_episodenumber>
  <Combined_season>1</Combined_season>
  <DVD_chapter></DVD_chapter>
  <DVD_discid></DVD_discid>
  <DVD_episodenumber></DVD_episodenumber>
  <DVD_season></DVD_season>
  <Director>Mark Cendrowski</Director>
  <EpImgFlag></EpImgFlag>
  <EpisodeName>The Big Bran Hypothesis</EpisodeName>
  <EpisodeNumber>2</EpisodeNumber>
  <FirstAired>2007-10-01</FirstAired>
  <GuestStars></GuestStars>
  <IMDB_ID>tt1091289</IMDB_ID>
  <Language>en</Language>
  <Overview>Leonard volunteers to sign for a package in an attempt to make a good impression on Penny, but when he enlists Sheldon for help, his attempt at chivalry goes terribly awry.</Overview>
  <ProductionCode>3T6601</ProductionCode>
  <Rating>7.6</Rating>
  <SeasonNumber>1</SeasonNumber>
  <Writer>Chuck Lorre|Bill Prady</Writer>
  <absolute_number></absolute_number>
  <filename>episodes/80379/337065.jpg</filename>
  <lastupdated>1253622212</lastupdated>
  <seasonid>28047</seasonid>
  <seriesid>80379</seriesid>
</Episode>
<Episode>
  <id>337249</id>
  <Combined_episodenumber>3</Combined_episodenumber>
  <Combined_season>1</Combined_season>
  <DVD_chapter></DVD_chapter>
  <DVD_discid></DVD_discid>
  <DVD_episodenumber></DVD_episodenumber>
  <DVD_season></DVD_season>
  <Director>Mark Cendrowski</Director>
  <EpImgFlag></EpImgFlag>
  <EpisodeName>The Fuzzy Boots Corollary</EpisodeName>
  <EpisodeNumber>3</EpisodeNumber>
  <FirstAired>2007-10-08</FirstAired>
  <GuestStars></GuestStars>
  <IMDB_ID>tt1091290</IMDB_ID>
  <Language>en</Language>
  <Overview>Leonard asks a woman out after he finds out that Penny is seeing someone.</Overview>
  <ProductionCode>3T6602</ProductionCode>
  <Rating>7.0</Rating>
  <SeasonNumber>1</SeasonNumber>
  <Writer>|Chuck Lorre|Bill Prady|Steven Molaro|</Writer>
  <absolute_number></absolute_number>
  <filename>episodes/80379/337249.jpg</filename>
  <lastupdated>1254272032</lastupdated>
  <seasonid>28047</seasonid>
  <seriesid>80379</seriesid>
</Episode>
<Episode>
  <id>338488</id>
  <Combined_episodenumber>4</Combined_episodenumber>
  <Combined_season>1</Combined_season>
  <DVD_chapter></DVD_chapter>
  <DVD_discid></DVD_discid>
  <DVD_episodenumber></DVD_episodenumber>
  <DVD_season></DVD_season>
  <Director>Bob Koherr</Director>
  <EpImgFlag></EpImgFlag>
  <EpisodeName>The Luminous Fish Effect</EpisodeName>
  <EpisodeNumber>4</EpisodeNumber>
  <FirstAired>2007-10-15</FirstAired>
  <GuestStars>Laurie Metcalf|Mark Harelik|Sierra Edwards</GuestStars>
  <IMDB_ID>tt1091291</IMDB_ID>
  <Language>en</Language>
  <Overview>Sheldon's getting fired forces him to explore what life has to offer outside physics, leaving Leonard to take drastic action to snap his friend out of his funk.</Overview>
  <ProductionCode></ProductionCode>
  <Rating>7.3</Rating>
  <SeasonNumber>1</SeasonNumber>
  <Writer>|Chuck Lorre|Bill Prady|David Litt|Lee Aronsohn|</Writer>
  <absolute_number></absolute_number>
  <filename>episodes/80379/338488.jpg</filename>
  <lastupdated>1253622285</lastupdated>
  <seasonid>28047</seasonid>
  <seriesid>80379</seriesid>
</Episode>
<Episode>
  <id>339077</id>
  <Combined_episodenumber>5</Combined_episodenumber>
  <Combined_season>1</Combined_season>
  <DVD_chapter></DVD_chapter>
  <DVD_discid></DVD_discid>
  <DVD_episodenumber></DVD_episodenumber>
  <DVD_season></DVD_season>
  <Director>Andrew D. Weyman</Director>
  <EpImgFlag></EpImgFlag>
  <EpisodeName>The Hamburger Postulate</EpisodeName>
  <EpisodeNumber>5</EpisodeNumber>
  <FirstAired>2007-10-22</FirstAired>
  <GuestStars>Sara Gilbert</GuestStars>
  <IMDB_ID>tt1091292</IMDB_ID>
  <Language>en</Language>
  <Overview>Fearing he's wasting his time on Penny, Leonard ends up making a connection with Leslie.</Overview>
  <ProductionCode>3T6604</ProductionCode>
  <Rating>8.0</Rating>
  <SeasonNumber>1</SeasonNumber>
  <Writer>Steven Molaro|Jennifer Glickman|David Goetsch</Writer>
  <absolute_number></absolute_number>
  <filename>episodes/80379/339077.jpg</filename>
  <lastupdated>1253622310</lastupdated>
  <seasonid>28047</seasonid>
  <seriesid>80379</seriesid>
</Episode>
<Episode>
  <id>339895</id>
  <Combined_episodenumber>6</Combined_episodenumber>
  <Combined_season>1</Combined_season>
  <DVD_chapter></DVD_chapter>
  <DVD_discid></DVD_discid>
  <DVD_episodenumber></DVD_episodenumber>
  <DVD_season></DVD_season>
  <Director>Mark Cendrowski</Director>
  <EpImgFlag></EpImgFlag>
  <EpisodeName>The Middle Earth Paradigm</EpisodeName>
  <EpisodeNumber>6</EpisodeNumber>
  <FirstAired>2007-10-29</FirstAired>
  <GuestStars>Brian Patrick Wade|Rachel Cannon|Cynthia Holloway|Kimberly Kevon Williams|Erin Allin O'Reilly</GuestStars>
  <IMDB_ID>tt1091293</IMDB_ID>
  <Language>en</Language>
  <Overview>Penny hosts a Hallowe'en party, putting Leonard, Sheldon, Wolowitz, and Koothrappali through a new test of their social skills.</Overview>
  <ProductionCode></ProductionCode>
  <Rating>8.0</Rating>
  <SeasonNumber>1</SeasonNumber>
  <Writer>David Goetsch</Writer>
  <absolute_number></absolute_number>
  <filename>episodes/80379/339895.jpg</filename>
  <lastupdated>1253622393</lastupdated>
  <seasonid>28047</seasonid>
  <seriesid>80379</seriesid>
</Episode>
<Episode>
  <id>341166</id>
  <Combined_episodenumber>7</Combined_episodenumber>
  <Combined_season>1</Combined_season>
  <DVD_chapter></DVD_chapter>
  <DVD_discid></DVD_discid>
  <DVD_episodenumber></DVD_episodenumber>
  <DVD_season></DVD_season>
  <Director>Mark Cendrowski</Director>
  <EpImgFlag></EpImgFlag>
  <EpisodeName>The Dumpling Paradox</EpisodeName>
  <EpisodeNumber>7</EpisodeNumber>
  <FirstAired>2007-11-05</FirstAired>
  <GuestStars>Brooke D'Orsay|James Hong|Carol Ann Susi</GuestStars>
  <IMDB_ID>tt1136041</IMDB_ID>
  <Language>en</Language>
  <Overview>With Wolowitz AWOL with one of her friends, Penny's recruited to fill in for him on the guys' Halo team</Overview>
  <ProductionCode>3T6606</ProductionCode>
  <Rating>7.7</Rating>
  <SeasonNumber>1</SeasonNumber>
  <Writer>Bill Prady|Chuck Lorre</Writer>
  <absolute_number></absolute_number>
  <filename>episodes/80379/341166.jpg</filename>
  <lastupdated>1253622424</lastupdated>
  <seasonid>28047</seasonid>
  <seriesid>80379</seriesid>
</Episode>
<Episode>
  <id>341996</id>
  <Combined_episodenumber>8</Combined_episodenumber>
  <Combined_season>1</Combined_season>
  <DVD_chapter></DVD_chapter>
  <DVD_discid></DVD_discid>
  <DVD_episodenumber></DVD_episodenumber>
  <DVD_season></DVD_season>
  <Director>Ted Wass</Director>
  <EpImgFlag></EpImgFlag>
  <EpisodeName>The Grasshopper Experiment</EpisodeName>
  <EpisodeNumber>8</EpisodeNumber>
  <FirstAired>2007-11-12</FirstAired>
  <GuestStars>Sarayu Rao|Brian George|Alice Amter</GuestStars>
  <IMDB_ID>tt1127389</IMDB_ID>
  <Language>en</Language>
  <Overview>Raj's parents set him up on a blind date, but just when he discovers he can talk to her, she shows interest in Sheldon.</Overview>
  <ProductionCode></ProductionCode>
  <Rating>8.1</Rating>
  <SeasonNumber>1</SeasonNumber>
  <Writer>David Goetsch|Steven Molaro</Writer>
  <absolute_number></absolute_number>
  <filename>episodes/80379/341996.jpg</filename>
  <lastupdated>1253622444</lastupdated>
  <seasonid>28047</seasonid>
  <seriesid>80379</seriesid>
</Episode>
<Episode>
  <id>342790</id>
  <Combined_episodenumber>9</Combined_episodenumber>
  <Combined_season>1</Combined_season>
  <DVD_chapter></DVD_chapter>
  <DVD_discid></DVD_discid>
  <DVD_episodenumber></DVD_episodenumber>
  <DVD_season></DVD_season>
  <Director>Joel Murray</Director>
  <EpImgFlag>7</EpImgFlag>
  <EpisodeName>The Cooper-Hofstadter Polarization</EpisodeName>
  <EpisodeNumber>9</EpisodeNumber>
  <FirstAired>2008-03-17</FirstAired>
  <GuestStars>Talbott Chin|Howard Chan</GuestStars>
  <IMDB_ID>tt1127390</IMDB_ID>
  <Language>en</Language>
  <Overview>When they're invited to present at a physics conference, Sheldon's reluctance to share the credit leads to a tiff between him and  Leonard, and Penny's intervention only exacerbates the situation.</Overview>
  <ProductionCode>3T6608</ProductionCode>
  <Rating>7.3</Rating>
  <SeasonNumber>1</SeasonNumber>
  <Writer>Bill Prady|Stephen Engel</Writer>
  <absolute_number></absolute_number>
  <filename>episodes/80379/342790.jpg</filename>
  <lastupdated>1253826202</lastupdated>
  <seasonid>28047</seasonid>
  <seriesid>80379</seriesid>
</Episode>
<Episode>
  <id>356711</id>
  <Combined_episodenumber>10</Combined_episodenumber>
  <Combined_season>1</Combined_season>
  <DVD_chapter></DVD_chapter>
  <DVD_discid></DVD_discid>
  <DVD_episodenumber></DVD_episodenumber>
  <DVD_season></DVD_season>
  <Director>Mark Cendrowski</Director>
  <EpImgFlag>7</EpImgFlag>
  <EpisodeName>The Loobenfeld Decay</EpisodeName>
  <EpisodeNumber>10</EpisodeNumber>
  <FirstAired>2008-03-24</FirstAired>
  <GuestStars>DJ Qualls</GuestStars>
  <IMDB_ID>tt1127384</IMDB_ID>
  <Language>en</Language>
  <Overview>Leonard and Sheldon each lie to avoid seeing Penny's concert, but Sheldon's is a bit too complicated for his own good.</Overview>
  <ProductionCode>3T6609</ProductionCode>
  <Rating>7.2</Rating>
  <SeasonNumber>1</SeasonNumber>
  <Writer>Chuck Lorre</Writer>
  <absolute_number>10</absolute_number>
  <filename>episodes/80379/356711.jpg</filename>
  <lastupdated>1253826208</lastupdated>
  <seasonid>28047</seasonid>
  <seriesid>80379</seriesid>
</Episode>
<Episode>
  <id>358455</id>
  <Combined_episodenumber>11</Combined_episodenumber>
  <Combined_season>1</Combined_season>
  <DVD_chapter></DVD_chapter>
  <DVD_discid></DVD_discid>
  <DVD_episodenumber></DVD_episodenumber>
  <DVD_season></DVD_season>
  <Director>Mark Cendrowski</Director>
  <EpImgFlag>7</EpImgFlag>
  <EpisodeName>The Pancake Batter Anomaly</EpisodeName>
  <EpisodeNumber>11</EpisodeNumber>
  <FirstAired>2008-03-31</FirstAired>
  <GuestStars>Carol Ann Susi|Erin Allin O'Reilly</GuestStars>
  <IMDB_ID>tt1127385</IMDB_ID>
  <Language>en</Language>
  <Overview>With his friends knowing how sour he acts when sick—and avoiding him as a result—Sheldon is nursed by Penny, who hasn't a clue what she's in for.</Overview>
  <ProductionCode>3T6610</ProductionCode>
  <Rating>7.1</Rating>
  <SeasonNumber>1</SeasonNumber>
  <Writer>Chuck Lorre|Lee Aronsohn</Writer>
  <absolute_number>11</absolute_number>
  <filename>episodes/80379/358455.jpg</filename>
  <lastupdated>1253826215</lastupdated>
  <seasonid>28047</seasonid>
  <seriesid>80379</seriesid>
</Episode>
<Episode>
  <id>360371</id>
  <Combined_episodenumber>12</Combined_episodenumber>
  <Combined_season>1</Combined_season>
  <DVD_chapter></DVD_chapter>
  <DVD_discid></DVD_discid>
  <DVD_episodenumber></DVD_episodenumber>
  <DVD_season></DVD_season>
  <Director>Mark Cendrowski</Director>
  <EpImgFlag>2</EpImgFlag>
  <EpisodeName>The Jerusalem Duality</EpisodeName>
  <EpisodeNumber>12</EpisodeNumber>
  <FirstAired>2008-04-14</FirstAired>
  <GuestStars>Mark Harelik|Joel Brooks|Austin Lee|Emma Degerstedt</GuestStars>
  <IMDB_ID>tt1127386</IMDB_ID>
  <Language>en</Language>
  <Overview>With Sheldon rattled over meeting Dennis, a 15-year-old physicist who's smarter than he, Leonard helps him look for a way to debunk Dennis's research.</Overview>
  <ProductionCode>3T6611</ProductionCode>
  <Rating>7.4</Rating>
  <SeasonNumber>1</SeasonNumber>
  <Writer>Jennifer Glickman|Stephen Engel</Writer>
  <absolute_number></absolute_number>
  <filename>episodes/80379/360371.jpg</filename>
  <lastupdated>1253623087</lastupdated>
  <seasonid>28047</seasonid>
  <seriesid>80379</seriesid>
</Episode>
<Episode>
  <id>363199</id>
  <Combined_episodenumber>13</Combined_episodenumber>
  <Combined_season>1</Combined_season>
  <DVD_chapter></DVD_chapter>
  <DVD_discid></DVD_discid>
  <DVD_episodenumber></DVD_episodenumber>
  <DVD_season></DVD_season>
  <Director>Mark Cendrowski</Director>
  <EpImgFlag>7</EpImgFlag>
  <EpisodeName>The Bat Jar Conjecture</EpisodeName>
  <EpisodeNumber>13</EpisodeNumber>
  <FirstAired>2008-04-21</FirstAired>
  <GuestStars>Adam Gregor|Sandra Marquez|Mark Harelik|Sergio Enrique|</GuestStars>
  <IMDB_ID>tt1127387</IMDB_ID>
  <Language>en</Language>
  <Overview>Sheldon finds himself booted from the gang's Physics Bowl team and replaced with Leslie, so he forms his own team, hoping to prove he's superior.</Overview>
  <ProductionCode>3T6612</ProductionCode>
  <Rating>7.1</Rating>
  <SeasonNumber>1</SeasonNumber>
  <Writer>Stephen Engel|Jennifer Glickman</Writer>
  <absolute_number></absolute_number>
  <filename>episodes/80379/363199.jpg</filename>
  <lastupdated>1254272299</lastupdated>
  <seasonid>28047</seasonid>
  <seriesid>80379</seriesid>
</Episode>
<Episode>
  <id>364198</id>
  <Combined_episodenumber>14</Combined_episodenumber>
  <Combined_season>1</Combined_season>
  <DVD_chapter></DVD_chapter>
  <DVD_discid></DVD_discid>
  <DVD_episodenumber></DVD_episodenumber>
  <DVD_season></DVD_season>
  <Director>Mark Cendrowski</Director>
  <EpImgFlag>2</EpImgFlag>
  <EpisodeName>The Nerdvana Annihilation</EpisodeName>
  <EpisodeNumber>14</EpisodeNumber>
  <FirstAired>2008-04-28</FirstAired>
  <GuestStars>Andrew Walker</GuestStars>
  <IMDB_ID>tt1127905</IMDB_ID>
  <Language>en</Language>
  <Overview>When delivery of another collectible leads to Penny's lashing out at Leonard, he decides it's time to give up his habit, much to his friends' protestation.</Overview>
  <ProductionCode>3T6613</ProductionCode>
  <Rating>7.8</Rating>
  <SeasonNumber>1</SeasonNumber>
  <Writer>Bill Prady</Writer>
  <absolute_number></absolute_number>
  <filename>episodes/80379/364198.jpg</filename>
  <lastupdated>1253623159</lastupdated>
  <seasonid>28047</seasonid>
  <seriesid>80379</seriesid>
</Episode>
<Episode>
  <id>365914</id>
  <Combined_episodenumber>15</Combined_episodenumber>
  <Combined_season>1</Combined_season>
  <DVD_chapter></DVD_chapter>
  <DVD_discid></DVD_discid>
  <DVD_episodenumber></DVD_episodenumber>
  <DVD_season></DVD_season>
  <Director>Mark Cendrowski</Director>
  <EpImgFlag>7</EpImgFlag>
  <EpisodeName>The Pork Chop Indeterminacy</EpisodeName>
  <EpisodeNumber>15</EpisodeNumber>
  <FirstAired>2008-05-05</FirstAired>
  <GuestStars></GuestStars>
  <IMDB_ID>tt1127906</IMDB_ID>
  <Language>en</Language>
  <Overview>The rest of the gang fall for Sheldon's twin sister, and Leonard's plan to win her heart is derailed when Sheldon declares he'll be the one to decide who can date her.</Overview>
  <ProductionCode>3T6614</ProductionCode>
  <Rating>7.4</Rating>
  <SeasonNumber>1</SeasonNumber>
  <Writer>Chuck Lorre</Writer>
  <absolute_number></absolute_number>
  <filename>episodes/80379/365914.jpg</filename>
  <lastupdated>1253826249</lastupdated>
  <seasonid>28047</seasonid>
  <seriesid>80379</seriesid>
</Episode>
<Episode>
  <id>365967</id>
  <Combined_episodenumber>16</Combined_episodenumber>
  <Combined_season>1</Combined_season>
  <DVD_chapter></DVD_chapter>
  <DVD_discid></DVD_discid>
  <DVD_episodenumber></DVD_episodenumber>
  <DVD_season></DVD_season>
  <Director>Mark Cendrowski</Director>
  <EpImgFlag>7</EpImgFlag>
  <EpisodeName>The Peanut Reaction</EpisodeName>
  <EpisodeNumber>16</EpisodeNumber>
  <FirstAired>2008-05-12</FirstAired>
  <GuestStars>|Vernee Watson-Johnson|Judith Moreland|Ronald Hunter|Chuck Carter|</GuestStars>
  <IMDB_ID>tt1127907</IMDB_ID>
  <Language>en</Language>
  <Overview>Penny wants to throw a surprise party for Leonard, but Sheldon's indulgence at an electronics store throws her off-track.
</Overview>
  <ProductionCode>3T6615</ProductionCode>
  <Rating>7.7</Rating>
  <SeasonNumber>1</SeasonNumber>
  <Writer>Lee Aronsohn, Bill Prady</Writer>
  <absolute_number></absolute_number>
  <filename>episodes/80379/365967.jpg</filename>
  <lastupdated>1254272344</lastupdated>
  <seasonid>28047</seasonid>
  <seriesid>80379</seriesid>
</Episode>
<Episode>
  <id>367404</id>
  <Combined_episodenumber>17</Combined_episodenumber>
  <Combined_season>1</Combined_season>
  <DVD_chapter></DVD_chapter>
  <DVD_discid></DVD_discid>
  <DVD_episodenumber></DVD_episodenumber>
  <DVD_season></DVD_season>
  <Director>Mark Cendrowski</Director>
  <EpImgFlag>2</EpImgFlag>
  <EpisodeName>The Tangerine Factor</EpisodeName>
  <EpisodeNumber>17</EpisodeNumber>
  <FirstAired>2008-05-19</FirstAired>
  <GuestStars>James Hong</GuestStars>
  <IMDB_ID>tt1127908</IMDB_ID>
  <Language>en</Language>
  <Overview>Penny's break-up spurs Leonard to summon the courage to ask her out, and each goes to Sheldon for advice on their upcoming date.</Overview>
  <ProductionCode>3T6616</ProductionCode>
  <Rating>8.0</Rating>
  <SeasonNumber>1</SeasonNumber>
  <Writer>Lee Aronsohn|Steven Molaro|Chuck Lorre|Bill Prady</Writer>
  <absolute_number></absolute_number>
  <filename>episodes/80379/367404.jpg</filename>
  <lastupdated>1253623294</lastupdated>
  <seasonid>28047</seasonid>
  <seriesid>80379</seriesid>
</Episode>
<Episode>
  <id>387721</id>
  <Combined_episodenumber>1</Combined_episodenumber>
  <Combined_season>2</Combined_season>
  <DVD_chapter></DVD_chapter>
  <DVD_discid></DVD_discid>
  <DVD_episodenumber></DVD_episodenumber>
  <DVD_season></DVD_season>
  <Director>Mark Cendrowski</Director>
  <EpImgFlag>2</EpImgFlag>
  <EpisodeName>The Bad Fish Paradigm</EpisodeName>
  <EpisodeNumber>1</EpisodeNumber>
  <FirstAired>2008-09-22</FirstAired>
  <GuestStars>Carol Ann Susi</GuestStars>
  <IMDB_ID>tt1256599</IMDB_ID>
  <Language>en</Language>
  <Overview>Penny's first date with Leonard goes awry; Penny finds Sheldon to be an unwilling confidant.</Overview>
  <ProductionCode>3T7351</ProductionCode>
  <Rating>8.2</Rating>
  <SeasonNumber>2</SeasonNumber>
  <Writer>|Bill Prady|Dave Goetsch|Steven Molaro|</Writer>
  <absolute_number></absolute_number>
  <filename>episodes/80379/387721.jpg</filename>
  <lastupdated>1253630521</lastupdated>
  <seasonid>35155</seasonid>
  <seriesid>80379</seriesid>
</Episode>
<Episode>
  <id>389025</id>
  <Combined_episodenumber>2</Combined_episodenumber>
  <Combined_season>2</Combined_season>
  <DVD_chapter></DVD_chapter>
  <DVD_discid></DVD_discid>
  <DVD_episodenumber></DVD_episodenumber>
  <DVD_season></DVD_season>
  <Director>Mark Cendrowski</Director>
  <EpImgFlag>2</EpImgFlag>
  <EpisodeName>The Codpiece Topology</EpisodeName>
  <EpisodeNumber>2</EpisodeNumber>
  <FirstAired>2008-09-29</FirstAired>
  <GuestStars>Travis Schuldt</GuestStars>
  <IMDB_ID>tt1256030</IMDB_ID>
  <Language>en</Language>
  <Overview>A jealous Leonard reacts to Penny's new guy by rebounding with Leslie.</Overview>
  <ProductionCode>3T7352</ProductionCode>
  <Rating>7.4</Rating>
  <SeasonNumber>2</SeasonNumber>
  <Writer>|Lee Aronsohn|Bill Prady|Chuck Lorre|</Writer>
  <absolute_number></absolute_number>
  <filename>episodes/80379/389025.jpg</filename>
  <lastupdated>1253630538</lastupdated>
  <seasonid>35155</seasonid>
  <seriesid>80379</seriesid>
</Episode>
<Episode>
  <id>391204</id>
  <Combined_episodenumber>3</Combined_episodenumber>
  <Combined_season>2</Combined_season>
  <DVD_chapter></DVD_chapter>
  <DVD_discid></DVD_discid>
  <DVD_episodenumber></DVD_episodenumber>
  <DVD_season></DVD_season>
  <Director>Mark Cendrowski</Director>
  <EpImgFlag>2</EpImgFlag>
  <EpisodeName>The Barbarian Sublimation</EpisodeName>
  <EpisodeNumber>3</EpisodeNumber>
  <FirstAired>2008-10-06</FirstAired>
  <GuestStars>|Mark Harelik|Tyler Olson|Mark Hames|</GuestStars>
  <IMDB_ID>tt1256034</IMDB_ID>
  <Language>en</Language>
  <Overview>Sheldon creates a monster when he introduces Penny to online gaming.</Overview>
  <ProductionCode>3T7353</ProductionCode>
  <Rating>8.4</Rating>
  <SeasonNumber>2</SeasonNumber>
  <Writer>|Chuck Lorre|Steven Molaro|Eric Kaplan|</Writer>
  <absolute_number></absolute_number>
  <filename>episodes/80379/391204.jpg</filename>
  <lastupdated>1256316645</lastupdated>
  <seasonid>35155</seasonid>
  <seriesid>80379</seriesid>
</Episode>
<Episode>
  <id>393953</id>
  <Combined_episodenumber>4</Combined_episodenumber>
  <Combined_season>2</Combined_season>
  <DVD_chapter></DVD_chapter>
  <DVD_discid></DVD_discid>
  <DVD_episodenumber></DVD_episodenumber>
  <DVD_season></DVD_season>
  <Director>Mark Cendrowski</Director>
  <EpImgFlag>2</EpImgFlag>
  <EpisodeName>The Griffin Equivalency</EpisodeName>
  <EpisodeNumber>4</EpisodeNumber>
  <FirstAired>2008-10-13</FirstAired>
  <GuestStars>Mark Harelik</GuestStars>
  <IMDB_ID>tt1256035</IMDB_ID>
  <Language>en</Language>
  <Overview>Raj gets an inflated ego and makes a play for Penny after being referenced in a magazine article.</Overview>
  <ProductionCode>3T7354</ProductionCode>
  <Rating>8.0</Rating>
  <SeasonNumber>2</SeasonNumber>
  <Writer>|Bill Prady|Chuck Lorre|Stephen Engel|Tim Doyle|</Writer>
  <absolute_number></absolute_number>
  <filename>episodes/80379/393953.jpg</filename>
  <lastupdated>1256316612</lastupdated>
  <seasonid>35155</seasonid>
  <seriesid>80379</seriesid>
</Episode>
<Episode>
  <id>396576</id>
  <Combined_episodenumber>5</Combined_episodenumber>
  <Combined_season>2</Combined_season>
  <DVD_chapter></DVD_chapter>
  <DVD_discid></DVD_discid>
  <DVD_episodenumber></DVD_episodenumber>
  <DVD_season></DVD_season>
  <Director>Mark Cendrowski</Director>
  <EpImgFlag>2</EpImgFlag>
  <EpisodeName>The Euclid Alternative</EpisodeName>
  <EpisodeNumber>5</EpisodeNumber>
  <FirstAired>2008-10-20</FirstAired>
  <GuestStars>|Octavia Spencer|Elena Campbell-Martinez|Livia Trevino|</GuestStars>
  <IMDB_ID>tt1256036</IMDB_ID>
  <Language>en</Language>
  <Overview>Leonard and his friends stage an intervention to force Sheldon to face his fear of driving.</Overview>
  <ProductionCode>3T7355</ProductionCode>
  <Rating>7.1</Rating>
  <SeasonNumber>2</SeasonNumber>
  <Writer>|Bill Prady|Steven Molaro|Lee Aronsohn|Dave Goetsch|</Writer>
  <absolute_number></absolute_number>
  <filename>episodes/80379/396576.jpg</filename>
  <lastupdated>1256316492</lastupdated>
  <seasonid>35155</seasonid>
  <seriesid>80379</seriesid>
</Episode>
<Episode>
  <id>401078</id>
  <Combined_episodenumber>6</Combined_episodenumber>
  <Combined_season>2</Combined_season>
  <DVD_chapter></DVD_chapter>
  <DVD_discid></DVD_discid>
  <DVD_episodenumber></DVD_episodenumber>
  <DVD_season></DVD_season>
  <Director>Mark Cendrowski</Director>
  <EpImgFlag>2</EpImgFlag>
  <EpisodeName>The Cooper-Nowitzki Theorem</EpisodeName>
  <EpisodeNumber>6</EpisodeNumber>
  <FirstAired>2008-11-03</FirstAired>
  <GuestStars>|Riki Lindhome|Emily Happe|</GuestStars>
  <IMDB_ID>tt1256037</IMDB_ID>
  <Language>en</Language>
  <Overview>Sheldon and the gang are confused when a young grad student is attracted to him.</Overview>
  <ProductionCode>3T7356</ProductionCode>
  <Rating>7.7</Rating>
  <SeasonNumber>2</SeasonNumber>
  <Writer>|Stephen Engel|Daley Haggar|Tim Doyle|Richard Rosenstock|</Writer>
  <absolute_number></absolute_number>
  <filename>episodes/80379/401078.jpg</filename>
  <lastupdated>1256316463</lastupdated>
  <seasonid>35155</seasonid>
  <seriesid>80379</seriesid>
</Episode>
<Episode>
  <id>402940</id>
  <Combined_episodenumber>7</Combined_episodenumber>
  <Combined_season>2</Combined_season>
  <DVD_chapter></DVD_chapter>
  <DVD_discid></DVD_discid>
  <DVD_episodenumber></DVD_episodenumber>
  <DVD_season></DVD_season>
  <Director>Mark Cendrowski</Director>
  <EpImgFlag>2</EpImgFlag>
  <EpisodeName>The Panty Piñata Polarization</EpisodeName>
  <EpisodeNumber>7</EpisodeNumber>
  <FirstAired>2008-11-10</FirstAired>
  <GuestStars>Analeigh Tipton</GuestStars>
  <IMDB_ID>tt1256038</IMDB_ID>
  <Language>en</Language>
  <Overview>When Sheldon bans Penny from the apartment for numerous minor infractions, she decides to retaliate.</Overview>
  <ProductionCode>3T7357</ProductionCode>
  <Rating>8.0</Rating>
  <SeasonNumber>2</SeasonNumber>
  <Writer>|Bill Prady|Tim Doyle|Jennifer Glickman|Steven Molaro|</Writer>
  <absolute_number></absolute_number>
  <filename>episodes/80379/402940.jpg</filename>
  <lastupdated>1256316429</lastupdated>
  <seasonid>35155</seasonid>
  <seriesid>80379</seriesid>
</Episode>
<Episode>
  <id>405395</id>
  <Combined_episodenumber>8</Combined_episodenumber>
  <Combined_season>2</Combined_season>
  <DVD_chapter></DVD_chapter>
  <DVD_discid></DVD_discid>
  <DVD_episodenumber></DVD_episodenumber>
  <DVD_season></DVD_season>
  <Director>Mark Cendrowski</Director>
  <EpImgFlag>2</EpImgFlag>
  <EpisodeName>The Lizard-Spock Expansion</EpisodeName>
  <EpisodeNumber>8</EpisodeNumber>
  <FirstAired>2008-11-17</FirstAired>
  <GuestStars>|Sara Rue|Carol Ann Susi|</GuestStars>
  <IMDB_ID>tt1256039</IMDB_ID>
  <Language>en</Language>
  <Overview>Leonard inadvertently steals away the new woman Wolowitz thinks is the love of his life.</Overview>
  <ProductionCode>3T7358</ProductionCode>
  <Rating>8.1</Rating>
  <SeasonNumber>2</SeasonNumber>
  <Writer>|Bill Prady|Dave Goetsch|Jennifer Glickman|</Writer>
  <absolute_number></absolute_number>
  <filename>episodes/80379/405395.jpg</filename>
  <lastupdated>1256316399</lastupdated>
  <seasonid>35155</seasonid>
  <seriesid>80379</seriesid>
</Episode>
<Episode>
  <id>406628</id>
  <Combined_episodenumber>9</Combined_episodenumber>
  <Combined_season>2</Combined_season>
  <DVD_chapter></DVD_chapter>
  <DVD_discid></DVD_discid>
  <DVD_episodenumber></DVD_episodenumber>
  <DVD_season></DVD_season>
  <Director>Mark Cendrowski</Director>
  <EpImgFlag>2</EpImgFlag>
  <EpisodeName>The White Asparagus Triangulation</EpisodeName>
  <EpisodeNumber>9</EpisodeNumber>
  <FirstAired>2008-11-24</FirstAired>
  <GuestStars>|Sara Rue|</GuestStars>
  <IMDB_ID>tt1256040</IMDB_ID>
  <Language>en</Language>
  <Overview>Sheldon is thrilled when Leonard starts dating a woman who meets Sheldon's stringent standards.</Overview>
  <ProductionCode>3T7359</ProductionCode>
  <Rating>8.0</Rating>
  <SeasonNumber>2</SeasonNumber>
  <Writer>|Dave Goetsch|Steven Molaro|Stephen Engel|Richard Rosenstock|</Writer>
  <absolute_number></absolute_number>
  <filename>episodes/80379/406628.jpg</filename>
  <lastupdated>1257974535</lastupdated>
  <seasonid>35155</seasonid>
  <seriesid>80379</seriesid>
</Episode>
<Episode>
  <id>410324</id>
  <Combined_episodenumber>10</Combined_episodenumber>
  <Combined_season>2</Combined_season>
  <DVD_chapter></DVD_chapter>
  <DVD_discid></DVD_discid>
  <DVD_episodenumber></DVD_episodenumber>
  <DVD_season></DVD_season>
  <Director>Mark Cendrowski</Director>
  <EpImgFlag>2</EpImgFlag>
  <EpisodeName>The Vartabedian Conundrum</EpisodeName>
  <EpisodeNumber>10</EpisodeNumber>
  <FirstAired>2008-12-08</FirstAired>
  <GuestStars>|Sara Rue|</GuestStars>
  <IMDB_ID>tt1256020</IMDB_ID>
  <Language>en</Language>
  <Overview>Leonard asks Penny for advice when his new relationship starts moving too fast.</Overview>
  <ProductionCode>3T7360</ProductionCode>
  <Rating>7.8</Rating>
  <SeasonNumber>2</SeasonNumber>
  <Writer>|Chuck Lorre|Steven Molaro|Bill Prady|Richard Rosenstock|Mark Cendrowski|</Writer>
  <absolute_number></absolute_number>
  <filename>episodes/80379/410324.jpg</filename>
  <lastupdated>1257257348</lastupdated>
  <seasonid>35155</seasonid>
  <seriesid>80379</seriesid>
</Episode>
<Episode>
  <id>413490</id>
  <Combined_episodenumber>11</Combined_episodenumber>
  <Combined_season>2</Combined_season>
  <DVD_chapter></DVD_chapter>
  <DVD_discid></DVD_discid>
  <DVD_episodenumber></DVD_episodenumber>
  <DVD_season></DVD_season>
  <Director>Mark Cendrowski</Director>
  <EpImgFlag>2</EpImgFlag>
  <EpisodeName>The Bath Item Gift Hypothesis</EpisodeName>
  <EpisodeNumber>11</EpisodeNumber>
  <FirstAired>2008-12-15</FirstAired>
  <GuestStars>|Michael Trucco|Michael Hyatt|</GuestStars>
  <IMDB_ID>tt1256021</IMDB_ID>
  <Language>en</Language>
  <Overview>Penny starts dating Leonard's handsome colleague; Leonard and his friends are tortured by Sheldon's obsession with gift-giving etiquette.</Overview>
  <ProductionCode>3T7361</ProductionCode>
  <Rating>8.9</Rating>
  <SeasonNumber>2</SeasonNumber>
  <Writer>|Bill Prady|Richard Rosenstock|Stephen Engel|Eric Kaplan|</Writer>
  <absolute_number></absolute_number>
  <filename>episodes/80379/413490.jpg</filename>
  <lastupdated>1256316032</lastupdated>
  <seasonid>35155</seasonid>
  <seriesid>80379</seriesid>
</Episode>
<Episode>
  <id>420058</id>
  <Combined_episodenumber>12</Combined_episodenumber>
  <Combined_season>2</Combined_season>
  <DVD_chapter></DVD_chapter>
  <DVD_discid></DVD_discid>
  <DVD_episodenumber></DVD_episodenumber>
  <DVD_season></DVD_season>
  <Director>Mark Cendrowski</Director>
  <EpImgFlag>2</EpImgFlag>
  <EpisodeName>The Killer Robot Instability</EpisodeName>
  <EpisodeNumber>12</EpisodeNumber>
  <FirstAired>2009-01-12</FirstAired>
  <GuestStars>|Carol Ann Susi|John Ross Bowie|</GuestStars>
  <IMDB_ID>tt1256022</IMDB_ID>
  <Language>en</Language>
  <Overview>Penny's criticism of Wolowitz's romantic life pushes him into depression and AWOL for a fighting robot battle the rest of guys are depending on him for.</Overview>
  <ProductionCode>3T7362</ProductionCode>
  <Rating>7.4</Rating>
  <SeasonNumber>2</SeasonNumber>
  <Writer>|Daley Haggar|Steven Molaro|Richard Rosenstock|Bill Prady|</Writer>
  <absolute_number></absolute_number>
  <filename>episodes/80379/420058.jpg</filename>
  <lastupdated>1257974655</lastupdated>
  <seasonid>35155</seasonid>
  <seriesid>80379</seriesid>
</Episode>
<Episode>
  <id>426681</id>
  <Combined_episodenumber>13</Combined_episodenumber>
  <Combined_season>2</Combined_season>
  <DVD_chapter></DVD_chapter>
  <DVD_discid></DVD_discid>
  <DVD_episodenumber></DVD_episodenumber>
  <DVD_season></DVD_season>
  <Director>Mark Cendrowski</Director>
  <EpImgFlag>2</EpImgFlag>
  <EpisodeName>The Friendship Algorithm</EpisodeName>
  <EpisodeNumber>13</EpisodeNumber>
  <FirstAired>2009-01-19</FirstAired>
  <GuestStars>|John Ross Bowie|Will Deutsch|Jane Galloway Heitz|Jade Zdanow|</GuestStars>
  <IMDB_ID></IMDB_ID>
  <Language>en</Language>
  <Overview>Sheldon creates a scientific procedure for making friends.</Overview>
  <ProductionCode>3T7363</ProductionCode>
  <Rating>8.1</Rating>
  <SeasonNumber>2</SeasonNumber>
  <Writer>|Bill Prady|Richard Rosenstock|Chuck Lorre|Steven Molaro|</Writer>
  <absolute_number></absolute_number>
  <filename>episodes/80379/426681.jpg</filename>
  <lastupdated>1256315958</lastupdated>
  <seasonid>35155</seasonid>
  <seriesid>80379</seriesid>
</Episode>
<Episode>
  <id>428394</id>
  <Combined_episodenumber>14</Combined_episodenumber>
  <Combined_season>2</Combined_season>
  <DVD_chapter></DVD_chapter>
  <DVD_discid></DVD_discid>
  <DVD_episodenumber></DVD_episodenumber>
  <DVD_season></DVD_season>
  <Director>Mark Cendrowski</Director>
  <EpImgFlag>2</EpImgFlag>
  <EpisodeName>The Financial Permeability</EpisodeName>
  <EpisodeNumber>14</EpisodeNumber>
  <FirstAired>2009-02-02</FirstAired>
  <GuestStars>Brian Patrick Wade</GuestStars>
  <IMDB_ID></IMDB_ID>
  <Language>en</Language>
  <Overview>Sheldon's solution to Penny's financial difficulty leads to a confrontation between Leonard and Penny's ex-boyfriend.</Overview>
  <ProductionCode>3T7364</ProductionCode>
  <Rating>7.7</Rating>
  <SeasonNumber>2</SeasonNumber>
  <Writer>|Chuck Lorre|Steven Molaro|Richard Rosenstock|Eric Kaplan|</Writer>
  <absolute_number></absolute_number>
  <filename>episodes/80379/428394.jpg</filename>
  <lastupdated>1256315925</lastupdated>
  <seasonid>35155</seasonid>
  <seriesid>80379</seriesid>
</Episode>
<Episode>
  <id>431000</id>
  <Combined_episodenumber>15</Combined_episodenumber>
  <Combined_season>2</Combined_season>
  <DVD_chapter></DVD_chapter>
  <DVD_discid></DVD_discid>
  <DVD_episodenumber></DVD_episodenumber>
  <DVD_season></DVD_season>
  <Director>Mark Cendrowski</Director>
  <EpImgFlag>2</EpImgFlag>
  <EpisodeName>The Maternal Capacitance</EpisodeName>
  <EpisodeNumber>15</EpisodeNumber>
  <FirstAired>2009-02-09</FirstAired>
  <GuestStars>Christine Baranski</GuestStars>
  <IMDB_ID></IMDB_ID>
  <Language>en</Language>
  <Overview>Leonard and Penny are drawn together after a disastrous visit from Leonard's mother.</Overview>
  <ProductionCode>3T7365</ProductionCode>
  <Rating>7.8</Rating>
  <SeasonNumber>2</SeasonNumber>
  <Writer>|Chuck Lorre|Bill Prady|Richard Rosenstock|Steven Molaro|</Writer>
  <absolute_number></absolute_number>
  <filename>episodes/80379/431000.jpg</filename>
  <lastupdated>1256315875</lastupdated>
  <seasonid>35155</seasonid>
  <seriesid>80379</seriesid>
</Episode>
<Episode>
  <id>439079</id>
  <Combined_episodenumber>16</Combined_episodenumber>
  <Combined_season>2</Combined_season>
  <DVD_chapter></DVD_chapter>
  <DVD_discid></DVD_discid>
  <DVD_episodenumber></DVD_episodenumber>
  <DVD_season></DVD_season>
  <Director>Mark Cendrowski</Director>
  <EpImgFlag>2</EpImgFlag>
  <EpisodeName>The Cushion Saturation</EpisodeName>
  <EpisodeNumber>16</EpisodeNumber>
  <FirstAired>2009-03-02</FirstAired>
  <GuestStars></GuestStars>
  <IMDB_ID></IMDB_ID>
  <Language>en</Language>
  <Overview>A paintball game leads to a fight between Sheldon and Penny, and romance for Leslie and Wolowitz.</Overview>
  <ProductionCode>3T7366</ProductionCode>
  <Rating>8.1</Rating>
  <SeasonNumber>2</SeasonNumber>
  <Writer>|Chuck Lorre|Bill Prady|Lee Aronsohn|</Writer>
  <absolute_number></absolute_number>
  <filename>episodes/80379/439079.jpg</filename>
  <lastupdated>1256315845</lastupdated>
  <seasonid>35155</seasonid>
  <seriesid>80379</seriesid>
</Episode>
<Episode>
  <id>439587</id>
  <Combined_episodenumber>17</Combined_episodenumber>
  <Combined_season>2</Combined_season>
  <DVD_chapter></DVD_chapter>
  <DVD_discid></DVD_discid>
  <DVD_episodenumber></DVD_episodenumber>
  <DVD_season></DVD_season>
  <Director>Mark Cendrowski</Director>
  <EpImgFlag>2</EpImgFlag>
  <EpisodeName>The Terminator Decoupling</EpisodeName>
  <EpisodeNumber>17</EpisodeNumber>
  <FirstAired>2009-03-09</FirstAired>
  <GuestStars>|Summer Glau|Dr. George Smoot|</GuestStars>
  <IMDB_ID></IMDB_ID>
  <Language>en</Language>
  <Overview>Leonard, Sheldon and Wolowitz are ecstatic to learn that a famous science-fiction actress (Summer Glau) is on board the train they are taking to San Francisco.</Overview>
  <ProductionCode>3T7367</ProductionCode>
  <Rating>7.6</Rating>
  <SeasonNumber>2</SeasonNumber>
  <Writer>|Bill Prady|Dave Goetsch|Tim Doyle|Stephen Engel</Writer>
  <absolute_number></absolute_number>
  <filename>episodes/80379/439587.jpg</filename>
  <lastupdated>1256857074</lastupdated>
  <seasonid>35155</seasonid>
  <seriesid>80379</seriesid>
</Episode>
<Episode>
  <id>443622</id>
  <Combined_episodenumber>18</Combined_episodenumber>
  <Combined_season>2</Combined_season>
  <DVD_chapter></DVD_chapter>
  <DVD_discid></DVD_discid>
  <DVD_episodenumber></DVD_episodenumber>
  <DVD_season></DVD_season>
  <Director>Mark Cendrowski</Director>
  <EpImgFlag>2</EpImgFlag>
  <EpisodeName>The Work Song Nanocluster</EpisodeName>
  <EpisodeNumber>18</EpisodeNumber>
  <FirstAired>2009-03-16</FirstAired>
  <GuestStars></GuestStars>
  <IMDB_ID></IMDB_ID>
  <Language>en</Language>
  <Overview>Penny's home business turns into a complete nightmare when Sheldon takes over.</Overview>
  <ProductionCode>3T7368</ProductionCode>
  <Rating>7.8</Rating>
  <SeasonNumber>2</SeasonNumber>
  <Writer>|Bill Prady|Lee Aronsohn|Dave Goetsch|Richard Rosenstock|</Writer>
  <absolute_number></absolute_number>
  <filename>episodes/80379/443622.jpg</filename>
  <lastupdated>1256857089</lastupdated>
  <seasonid>35155</seasonid>
  <seriesid>80379</seriesid>
</Episode>
<Episode>
  <id>461831</id>
  <Combined_episodenumber>19</Combined_episodenumber>
  <Combined_season>2</Combined_season>
  <DVD_chapter></DVD_chapter>
  <DVD_discid></DVD_discid>
  <DVD_episodenumber></DVD_episodenumber>
  <DVD_season></DVD_season>
  <Director>Mark Cendrowski</Director>
  <EpImgFlag>2</EpImgFlag>
  <EpisodeName>The Dead Hooker Juxtaposition</EpisodeName>
  <EpisodeNumber>19</EpisodeNumber>
  <FirstAired>2009-03-30</FirstAired>
  <GuestStars>Carol Ann Susi | Valerie Azlynn</GuestStars>
  <IMDB_ID></IMDB_ID>
  <Language>en</Language>
  <Overview>Penny squares off with a new beautiful female neighbor who may become the building's &quot;new Penny.&quot; </Overview>
  <ProductionCode>3T7369</ProductionCode>
  <Rating>8.0</Rating>
  <SeasonNumber>2</SeasonNumber>
  <Writer>Steven Molaro</Writer>
  <absolute_number></absolute_number>
  <filename>episodes/80379/461831.jpg</filename>
  <lastupdated>1257444213</lastupdated>
  <seasonid>35155</seasonid>
  <seriesid>80379</seriesid>
</Episode>
<Episode>
  <id>461841</id>
  <Combined_episodenumber>20</Combined_episodenumber>
  <Combined_season>2</Combined_season>
  <DVD_chapter></DVD_chapter>
  <DVD_discid></DVD_discid>
  <DVD_episodenumber></DVD_episodenumber>
  <DVD_season></DVD_season>
  <Director>Mark Cendrowski</Director>
  <EpImgFlag>2</EpImgFlag>
  <EpisodeName>The Hofstadter Isotope</EpisodeName>
  <EpisodeNumber>20</EpisodeNumber>
  <FirstAired>2009-04-13</FirstAired>
  <GuestStars></GuestStars>
  <IMDB_ID></IMDB_ID>
  <Language>en</Language>
  <Overview>A fellow comic book enthusiast's hitting on Penny leads to Leonard and Howard going to a bar's Ladies' Night.</Overview>
  <ProductionCode>3T7370</ProductionCode>
  <Rating>7.6</Rating>
  <SeasonNumber>2</SeasonNumber>
  <Writer>David Goetsch</Writer>
  <absolute_number></absolute_number>
  <filename>episodes/80379/461841.jpg</filename>
  <lastupdated>1257444236</lastupdated>
  <seasonid>35155</seasonid>
  <seriesid>80379</seriesid>
</Episode>
<Episode>
  <id>588971</id>
  <Combined_episodenumber>21</Combined_episodenumber>
  <Combined_season>2</Combined_season>
  <DVD_chapter></DVD_chapter>
  <DVD_discid></DVD_discid>
  <DVD_episodenumber></DVD_episodenumber>
  <DVD_season></DVD_season>
  <Director>Mark Cendrowski</Director>
  <EpImgFlag>2</EpImgFlag>
  <EpisodeName>The Vegas Renormalization</EpisodeName>
  <EpisodeNumber>21</EpisodeNumber>
  <FirstAired>2009-04-27</FirstAired>
  <GuestStars>Jodi Lyn O'Keefe</GuestStars>
  <IMDB_ID></IMDB_ID>
  <Language>en</Language>
  <Overview>Leonard and Koothrappali escort a heartbroken Wolowitz to Las Vegas, and Sheldon becomes locked out of his apartment and must stay with Penny.</Overview>
  <ProductionCode></ProductionCode>
  <Rating>8.0</Rating>
  <SeasonNumber>2</SeasonNumber>
  <Writer>|Jessica Ambrosetti|Nicole Lorre|Andrew Roth</Writer>
  <absolute_number></absolute_number>
  <filename>episodes/80379/588971.jpg</filename>
  <lastupdated>1258056056</lastupdated>
  <seasonid>35155</seasonid>
  <seriesid>80379</seriesid>
</Episode>
<Episode>
  <id>588981</id>
  <Combined_episodenumber>22</Combined_episodenumber>
  <Combined_season>2</Combined_season>
  <DVD_chapter></DVD_chapter>
  <DVD_discid></DVD_discid>
  <DVD_episodenumber></DVD_episodenumber>
  <DVD_season></DVD_season>
  <Director>Mark Cendrowski</Director>
  <EpImgFlag>2</EpImgFlag>
  <EpisodeName>The Classified Materials Turbulence</EpisodeName>
  <EpisodeNumber>22</EpisodeNumber>
  <FirstAired>2009-05-04</FirstAired>
  <GuestStars></GuestStars>
  <IMDB_ID></IMDB_ID>
  <Language>en</Language>
  <Overview>Penny's second date with Stuart sees her making a comment that gives Leonard new hope for a relationship with her. Wolowitz realizes there's a crucial error in a NASA project he's working on.</Overview>
  <ProductionCode></ProductionCode>
  <Rating>8.0</Rating>
  <SeasonNumber>2</SeasonNumber>
  <Writer>|Chuck Lorre|Lee Aronsohn</Writer>
  <absolute_number></absolute_number>
  <filename>episodes/80379/588981.jpg</filename>
  <lastupdated>1258056087</lastupdated>
  <seasonid>35155</seasonid>
  <seriesid>80379</seriesid>
</Episode>
<Episode>
  <id>588991</id>
  <Combined_episodenumber>23</Combined_episodenumber>
  <Combined_season>2</Combined_season>
  <DVD_chapter></DVD_chapter>
  <DVD_discid></DVD_discid>
  <DVD_episodenumber></DVD_episodenumber>
  <DVD_season></DVD_season>
  <Director>Mark Cendrowski</Director>
  <EpImgFlag>2</EpImgFlag>
  <EpisodeName>The Monopolar Expedition</EpisodeName>
  <EpisodeNumber>23</EpisodeNumber>
  <FirstAired>2009-05-11</FirstAired>
  <GuestStars></GuestStars>
  <IMDB_ID></IMDB_ID>
  <Language>en</Language>
  <Overview>The guys' plan to work over the summer at the North Pole makes Penny revaluate her feelings for Leonard.</Overview>
  <ProductionCode></ProductionCode>
  <Rating>8.0</Rating>
  <SeasonNumber>2</SeasonNumber>
  <Writer>|Richard Rosenstock|Eric Kaplan|</Writer>
  <absolute_number></absolute_number>
  <filename>episodes/80379/588991.jpg</filename>
  <lastupdated>1258742751</lastupdated>
  <seasonid>35155</seasonid>
  <seriesid>80379</seriesid>
</Episode>
<Episode>
  <id>795681</id>
  <Combined_episodenumber>1</Combined_episodenumber>
  <Combined_season>3</Combined_season>
  <DVD_chapter></DVD_chapter>
  <DVD_discid></DVD_discid>
  <DVD_episodenumber></DVD_episodenumber>
  <DVD_season></DVD_season>
  <Director>Mark Cendrowski</Director>
  <EpImgFlag>2</EpImgFlag>
  <EpisodeName>The Electric Can Opener Fluctuation</EpisodeName>
  <EpisodeNumber>1</EpisodeNumber>
  <FirstAired>2009-09-21</FirstAired>
  <GuestStars></GuestStars>
  <IMDB_ID>tt1487706</IMDB_ID>
  <Language>en</Language>
  <Overview>When Sheldon learns the guys tampered with his expedition data he got from the arctic, he leaves to Texas in disgrace. This results in the guys following him, which threatens Leonard's hope for some romantic time with Penny and the guys' friendship with Sheldon. </Overview>
  <ProductionCode>301</ProductionCode>
  <Rating>7.4</Rating>
  <SeasonNumber>3</SeasonNumber>
  <Writer>Steven Molaro</Writer>
  <absolute_number></absolute_number>
  <filename>episodes/80379/795681.jpg</filename>
  <lastupdated>1257380078</lastupdated>
  <seasonid>82831</seasonid>
  <seriesid>80379</seriesid>
</Episode>
<Episode>
  <id>1046141</id>
  <Combined_episodenumber>2</Combined_episodenumber>
  <Combined_season>3</Combined_season>
  <DVD_chapter></DVD_chapter>
  <DVD_discid></DVD_discid>
  <DVD_episodenumber></DVD_episodenumber>
  <DVD_season></DVD_season>
  <Director>Mark Cendrowski</Director>
  <EpImgFlag>2</EpImgFlag>
  <EpisodeName>The Jiminy Conjecture</EpisodeName>
  <EpisodeNumber>2</EpisodeNumber>
  <FirstAired>2009-09-28</FirstAired>
  <GuestStars></GuestStars>
  <IMDB_ID>tt1495238</IMDB_ID>
  <Language>en</Language>
  <Overview>Leonard and Penny struggle to recover from an awkward first hookup while Sheldon and Howard stake their best comic books on a bet to determine the species of a cricket. </Overview>
  <ProductionCode></ProductionCode>
  <Rating>7.7</Rating>
  <SeasonNumber>3</SeasonNumber>
  <Writer>Jim Reynolds</Writer>
  <absolute_number></absolute_number>
  <filename>episodes/80379/1046141.jpg</filename>
  <lastupdated>1257380126</lastupdated>
  <seasonid>82831</seasonid>
  <seriesid>80379</seriesid>
</Episode>
<Episode>
  <id>1101931</id>
  <Combined_episodenumber>3</Combined_episodenumber>
  <Combined_season>3</Combined_season>
  <DVD_chapter></DVD_chapter>
  <DVD_discid></DVD_discid>
  <DVD_episodenumber></DVD_episodenumber>
  <DVD_season></DVD_season>
  <Director>Mark Cendrowski</Director>
  <EpImgFlag>2</EpImgFlag>
  <EpisodeName>The Gothowitz Deviation</EpisodeName>
  <EpisodeNumber>3</EpisodeNumber>
  <FirstAired>2009-10-05</FirstAired>
  <GuestStars>Andy Mackenzie, Sarah Buehler, Molly Morgan</GuestStars>
  <IMDB_ID>tt1494210</IMDB_ID>
  <Language>en</Language>
  <Overview>Howard and Raj visit a Goth nightclub to pick up women while Sheldon attempts to build a better Penny using chocolate-based behavior modification. </Overview>
  <ProductionCode>303</ProductionCode>
  <Rating>8.0</Rating>
  <SeasonNumber>3</SeasonNumber>
  <Writer>Maria Ferrari | Bill Prady</Writer>
  <absolute_number></absolute_number>
  <filename>episodes/80379/1101931.jpg</filename>
  <lastupdated>1257705856</lastupdated>
  <seasonid>82831</seasonid>
  <seriesid>80379</seriesid>
</Episode>
<Episode>
  <id>1123661</id>
  <Combined_episodenumber>4</Combined_episodenumber>
  <Combined_season>3</Combined_season>
  <DVD_chapter></DVD_chapter>
  <DVD_discid></DVD_discid>
  <DVD_episodenumber></DVD_episodenumber>
  <DVD_season></DVD_season>
  <Director>Mark Cendrowski</Director>
  <EpImgFlag>2</EpImgFlag>
  <EpisodeName>The Pirate Solution</EpisodeName>
  <EpisodeNumber>4</EpisodeNumber>
  <FirstAired>2009-10-12</FirstAired>
  <GuestStars>|Elizabeth Bogush|Oliver Muirhead|Elena Campbell-Martinez|</GuestStars>
  <IMDB_ID>tt1523181</IMDB_ID>
  <Language>en</Language>
  <Overview>Raj must find a new job or be sent back to India, but Sheldon has a solution, which leaves Leonard and Penny dealing with Howard as a third wheel.</Overview>
  <ProductionCode>304</ProductionCode>
  <Rating>7.7</Rating>
  <SeasonNumber>3</SeasonNumber>
  <Writer>Steve Holland</Writer>
  <absolute_number></absolute_number>
  <filename>episodes/80379/1123661.jpg</filename>
  <lastupdated>1257918286</lastupdated>
  <seasonid>82831</seasonid>
  <seriesid>80379</seriesid>
</Episode>
<Episode>
  <id>1175941</id>
  <Combined_episodenumber>5</Combined_episodenumber>
  <Combined_season>3</Combined_season>
  <DVD_chapter></DVD_chapter>
  <DVD_discid></DVD_discid>
  <DVD_episodenumber></DVD_episodenumber>
  <DVD_season></DVD_season>
  <Director>Mark Cendrowski</Director>
  <EpImgFlag>2</EpImgFlag>
  <EpisodeName>The Creepy Candy Coating Corollary</EpisodeName>
  <EpisodeNumber>5</EpisodeNumber>
  <FirstAired>2009-10-19</FirstAired>
  <GuestStars></GuestStars>
  <IMDB_ID>tt1528188</IMDB_ID>
  <Language>en</Language>
  <Overview>After overhearing that Wil Wheaton is entering a trading-card competition, Sheldon decides to enter it himself. Meanwhile, Penny sets up one of her friends on a date with Wolowitz.</Overview>
  <ProductionCode></ProductionCode>
  <Rating>8.2</Rating>
  <SeasonNumber>3</SeasonNumber>
  <Writer>Steven Molaro|Lee Aronsohn|Bill Prady|Chuck Lorre</Writer>
  <absolute_number></absolute_number>
  <filename>episodes/80379/1175941.jpg</filename>
  <lastupdated>1257706045</lastupdated>
  <seasonid>82831</seasonid>
  <seriesid>80379</seriesid>
</Episode>
<Episode>
  <id>1175951</id>
  <Combined_episodenumber>6</Combined_episodenumber>
  <Combined_season>3</Combined_season>
  <DVD_chapter></DVD_chapter>
  <DVD_discid></DVD_discid>
  <DVD_episodenumber></DVD_episodenumber>
  <DVD_season></DVD_season>
  <Director>Mark Cendrowski</Director>
  <EpImgFlag>2</EpImgFlag>
  <EpisodeName>The Cornhusker Vortex</EpisodeName>
  <EpisodeNumber>6</EpisodeNumber>
  <FirstAired>2009-11-02</FirstAired>
  <GuestStars></GuestStars>
  <IMDB_ID>tt1523180</IMDB_ID>
  <Language>en</Language>
  <Overview>Sheldon becomes Leonard's teacher in order to understand football, while an incident with flying a kite threatens Howard and Raj's friendship.</Overview>
  <ProductionCode></ProductionCode>
  <Rating>7.2</Rating>
  <SeasonNumber>3</SeasonNumber>
  <Writer>|Richard Rosenstock|David Goetsch|Steven Molaro|Bill Prady|</Writer>
  <absolute_number></absolute_number>
  <filename>episodes/80379/1175951.jpg</filename>
  <lastupdated>1257706062</lastupdated>
  <seasonid>82831</seasonid>
  <seriesid>80379</seriesid>
</Episode>
<Episode>
  <id>1205511</id>
  <Combined_episodenumber>7</Combined_episodenumber>
  <Combined_season>3</Combined_season>
  <DVD_chapter></DVD_chapter>
  <DVD_discid></DVD_discid>
  <DVD_episodenumber></DVD_episodenumber>
  <DVD_season></DVD_season>
  <Director>Mark Cendrowski</Director>
  <EpImgFlag>2</EpImgFlag>
  <EpisodeName>The Guitarist Amplification</EpisodeName>
  <EpisodeNumber>7</EpisodeNumber>
  <FirstAired>2009-11-09</FirstAired>
  <GuestStars></GuestStars>
  <IMDB_ID>tt1535334</IMDB_ID>
  <Language>en</Language>
  <Overview>A squabble between Leonard and Penny sees Sheldon playing mediator, though out of his own incovenience from the sitiation rather than altruism.</Overview>
  <ProductionCode></ProductionCode>
  <Rating>8.2</Rating>
  <SeasonNumber>3</SeasonNumber>
  <Writer>|Jim Reynolds|Richard Rosenstock|Bill Prady|Lee Aronsohn|Chuck Lorre|</Writer>
  <absolute_number></absolute_number>
  <filename>episodes/80379/1205511.jpg</filename>
  <lastupdated>1257531139</lastupdated>
  <seasonid>82831</seasonid>
  <seriesid>80379</seriesid>
</Episode>
<Episode>
  <id>1236491</id>
  <Combined_episodenumber>8</Combined_episodenumber>
  <Combined_season>3</Combined_season>
  <DVD_chapter></DVD_chapter>
  <DVD_discid></DVD_discid>
  <DVD_episodenumber></DVD_episodenumber>
  <DVD_season></DVD_season>
  <Director>Mark Cendrowski</Director>
  <EpImgFlag>2</EpImgFlag>
  <EpisodeName>The Adhesive Duck Deficiency</EpisodeName>
  <EpisodeNumber>8</EpisodeNumber>
  <FirstAired>2009-11-16</FirstAired>
  <GuestStars></GuestStars>
  <IMDB_ID>tt1536922</IMDB_ID>
  <Language>en</Language>
  <Overview>With Leonard, Howard and Raj away camping in the desert, an injured Penny has only Sheldon to rely on.</Overview>
  <ProductionCode></ProductionCode>
  <Rating>7.9</Rating>
  <SeasonNumber>3</SeasonNumber>
  <Writer>|Chuck Lorre|Bill Prady|David Goetsch|</Writer>
  <absolute_number></absolute_number>
  <filename>episodes/80379/1236491.jpg</filename>
  <lastupdated>1258454599</lastupdated>
  <seasonid>82831</seasonid>
  <seriesid>80379</seriesid>
</Episode>
<Episode>
  <id>1269601</id>
  <Combined_episodenumber>9</Combined_episodenumber>
  <Combined_season>3</Combined_season>
  <DVD_chapter></DVD_chapter>
  <DVD_discid></DVD_discid>
  <DVD_episodenumber></DVD_episodenumber>
  <DVD_season></DVD_season>
  <Director>Mark Cendrowski</Director>
  <EpImgFlag></EpImgFlag>
  <EpisodeName>The Vengeance Formulation</EpisodeName>
  <EpisodeNumber>9</EpisodeNumber>
  <FirstAired>2009-11-23</FirstAired>
  <GuestStars>Katee Sackhoff</GuestStars>
  <IMDB_ID></IMDB_ID>
  <Language>en</Language>
  <Overview>After he's humiliated on National Public Radio, Sheldon vows to destroy Kripke, while Wolowitz tries not to destroy his new relationship with Bernadette.</Overview>
  <ProductionCode></ProductionCode>
  <Rating></Rating>
  <SeasonNumber>3</SeasonNumber>
  <Writer>|Chuck Lorre|Maria Ferrari|</Writer>
  <absolute_number></absolute_number>
  <filename></filename>
  <lastupdated>1257454037</lastupdated>
  <seasonid>82831</seasonid>
  <seriesid>80379</seriesid>
</Episode>
<Episode>
  <id>1313511</id>
  <Combined_episodenumber>10</Combined_episodenumber>
  <Combined_season>3</Combined_season>
  <DVD_chapter></DVD_chapter>
  <DVD_discid></DVD_discid>
  <DVD_episodenumber></DVD_episodenumber>
  <DVD_season></DVD_season>
  <Director>Mark Cendrowski</Director>
  <EpImgFlag></EpImgFlag>
  <EpisodeName>The Athens Recurrence</EpisodeName>
  <EpisodeNumber>10</EpisodeNumber>
  <FirstAired>2009-12-07</FirstAired>
  <GuestStars></GuestStars>
  <IMDB_ID></IMDB_ID>
  <Language>en</Language>
  <Overview>Sheldon attempts to help Penny understand Leonard's work, and Wolowitz becomes jealous when Leonard starts hanging out with his new girlfriend.</Overview>
  <ProductionCode></ProductionCode>
  <Rating></Rating>
  <SeasonNumber>3</SeasonNumber>
  <Writer>|Chuck Lorre|Richard Rosenstock|Steve Holland|</Writer>
  <absolute_number></absolute_number>
  <filename></filename>
  <lastupdated>1258728067</lastupdated>
  <seasonid>82831</seasonid>
  <seriesid>80379</seriesid>
</Episode>
<Episode>
  <id>1309961</id>
  <Combined_episodenumber>12</Combined_episodenumber>
  <Combined_season>3</Combined_season>
  <DVD_chapter></DVD_chapter>
  <DVD_discid></DVD_discid>
  <DVD_episodenumber></DVD_episodenumber>
  <DVD_season></DVD_season>
  <Director></Director>
  <EpImgFlag></EpImgFlag>
  <EpisodeName>The Maternal Congruence</EpisodeName>
  <EpisodeNumber>12</EpisodeNumber>
  <FirstAired></FirstAired>
  <GuestStars></GuestStars>
  <IMDB_ID></IMDB_ID>
  <Language>en</Language>
  <Overview></Overview>
  <ProductionCode></ProductionCode>
  <Rating></Rating>
  <SeasonNumber>3</SeasonNumber>
  <Writer></Writer>
  <absolute_number></absolute_number>
  <filename></filename>
  <lastupdated>1258655679</lastupdated>
  <seasonid>82831</seasonid>
  <seriesid>80379</seriesid>
</Episode>
</Data>