<?xml version="1.0" encoding="UTF-8" ?>
<Banners>
<Banner>
  <id>89141</id>
  <BannerPath>fanart/original/73739-34.jpg</BannerPath>
  <BannerType>fanart</BannerType>
  <BannerType2>1920x1080</BannerType2>
  <Colors></Colors>
  <Language>en</Language>
  <SeriesName>false</SeriesName>
  <ThumbnailPath>_cache/fanart/original/73739-34.jpg</ThumbnailPath>
  <VignettePath>fanart/vignette/73739-34.jpg</VignettePath>
</Banner>
<Banner>
  <id>35045</id>
  <BannerPath>fanart/original/73739-27.jpg</BannerPath>
  <BannerType>fanart</BannerType>
  <BannerType2>1280x720</BannerType2>
  <Colors>|185,161,157|7,4,0|139,108,116|</Colors>
  <Language>en</Language>
  <SeriesName>false</SeriesName>
  <ThumbnailPath>_cache/fanart/original/73739-27.jpg</ThumbnailPath>
  <VignettePath>fanart/vignette/73739-27.jpg</VignettePath>
</Banner>
<Banner>
  <id>23089</id>
  <BannerPath>fanart/original/73739-15.jpg</BannerPath>
  <BannerType>fanart</BannerType>
  <BannerType2>1920x1080</BannerType2>
  <Colors>|255,255,255|0,0,0|181,199,209|</Colors>
  <Language>en</Language>
  <SeriesName>false</SeriesName>
  <ThumbnailPath>_cache/fanart/original/73739-15.jpg</ThumbnailPath>
  <VignettePath>fanart/vignette/73739-15.jpg</VignettePath>
</Banner>
<Banner>
  <id>25062</id>
  <BannerPath>fanart/original/73739-23.jpg</BannerPath>
  <BannerType>fanart</BannerType>
  <BannerType2>1920x1080</BannerType2>
  <Colors>|48,64,51|7,17,26|39,40,42|</Colors>
  <Language>en</Language>
  <SeriesName>false</SeriesName>
  <ThumbnailPath>_cache/fanart/original/73739-23.jpg</ThumbnailPath>
  <VignettePath>fanart/vignette/73739-23.jpg</VignettePath>
</Banner>
<Banner>
  <id>20106</id>
  <BannerPath>fanart/original/73739-1.jpg</BannerPath>
  <BannerType>fanart</BannerType>
  <BannerType2>1920x1080</BannerType2>
  <Colors>|251,251,251|92,103,61|87,87,99|</Colors>
  <Language>en</Language>
  <SeriesName>false</SeriesName>
  <ThumbnailPath>_cache/fanart/original/73739-1.jpg</ThumbnailPath>
  <VignettePath>fanart/vignette/73739-1.jpg</VignettePath>
</Banner>
<Banner>
  <id>58881</id>
  <BannerPath>fanart/original/73739-32.jpg</BannerPath>
  <BannerType>fanart</BannerType>
  <BannerType2>1280x720</BannerType2>
  <Colors>|232,225,217|198,209,211|131,127,102|</Colors>
  <Language>en</Language>
  <SeriesName>false</SeriesName>
  <ThumbnailPath>_cache/fanart/original/73739-32.jpg</ThumbnailPath>
  <VignettePath>fanart/vignette/73739-32.jpg</VignettePath>
</Banner>
<Banner>
  <id>120091</id>
  <BannerPath>fanart/original/73739-38.jpg</BannerPath>
  <BannerType>fanart</BannerType>
  <BannerType2>1920x1080</BannerType2>
  <Colors></Colors>
  <Language>en</Language>
  <SeriesName>false</SeriesName>
  <ThumbnailPath>_cache/fanart/original/73739-38.jpg</ThumbnailPath>
  <VignettePath>fanart/vignette/73739-38.jpg</VignettePath>
</Banner>
<Banner>
  <id>20709</id>
  <BannerPath>fanart/original/73739-9.jpg</BannerPath>
  <BannerType>fanart</BannerType>
  <BannerType2>1280x720</BannerType2>
  <Colors>|233,219,190|55,19,7|102,95,111|</Colors>
  <Language>en</Language>
  <SeriesName>false</SeriesName>
  <ThumbnailPath>_cache/fanart/original/73739-9.jpg</ThumbnailPath>
  <VignettePath>fanart/vignette/73739-9.jpg</VignettePath>
</Banner>
<Banner>
  <id>20249</id>
  <BannerPath>fanart/original/73739-2.jpg</BannerPath>
  <BannerType>fanart</BannerType>
  <BannerType2>1280x720</BannerType2>
  <Colors>|181,212,214|35,55,56|82,132,131|</Colors>
  <Language>en</Language>
  <SeriesName>false</SeriesName>
  <ThumbnailPath>_cache/fanart/original/73739-2.jpg</ThumbnailPath>
  <VignettePath>fanart/vignette/73739-2.jpg</VignettePath>
</Banner>
<Banner>
  <id>25061</id>
  <BannerPath>fanart/original/73739-22.jpg</BannerPath>
  <BannerType>fanart</BannerType>
  <BannerType2>1920x1080</BannerType2>
  <Colors>|217,206,220|63,34,52|159,92,66|</Colors>
  <Language>en</Language>
  <SeriesName>false</SeriesName>
  <ThumbnailPath>_cache/fanart/original/73739-22.jpg</ThumbnailPath>
  <VignettePath>fanart/vignette/73739-22.jpg</VignettePath>
</Banner>
<Banner>
  <id>34141</id>
  <BannerPath>fanart/original/73739-26.jpg</BannerPath>
  <BannerType>fanart</BannerType>
  <BannerType2>1920x1080</BannerType2>
  <Colors>|233,243,245|9,8,14|59,162,177|</Colors>
  <Language>en</Language>
  <SeriesName>false</SeriesName>
  <ThumbnailPath>_cache/fanart/original/73739-26.jpg</ThumbnailPath>
  <VignettePath>fanart/vignette/73739-26.jpg</VignettePath>
</Banner>
<Banner>
  <id>23137</id>
  <BannerPath>fanart/original/73739-17.jpg</BannerPath>
  <BannerType>fanart</BannerType>
  <BannerType2>1920x1080</BannerType2>
  <Colors>|96,156,192|37,96,128|68,141,182|</Colors>
  <Language>en</Language>
  <SeriesName>false</SeriesName>
  <ThumbnailPath>_cache/fanart/original/73739-17.jpg</ThumbnailPath>
  <VignettePath>fanart/vignette/73739-17.jpg</VignettePath>
</Banner>
<Banner>
  <id>24005</id>
  <BannerPath>fanart/original/73739-19.jpg</BannerPath>
  <BannerType>fanart</BannerType>
  <BannerType2>1280x720</BannerType2>
  <Colors>|232,231,236|99,77,53|115,124,97|</Colors>
  <Language>en</Language>
  <SeriesName>false</SeriesName>
  <ThumbnailPath>_cache/fanart/original/73739-19.jpg</ThumbnailPath>
  <VignettePath>fanart/vignette/73739-19.jpg</VignettePath>
</Banner>
<Banner>
  <id>20506</id>
  <BannerPath>fanart/original/73739-7.jpg</BannerPath>
  <BannerType>fanart</BannerType>
  <BannerType2>1280x720</BannerType2>
  <Colors>|243,237,239|133,123,147|200,184,169|</Colors>
  <Language>en</Language>
  <SeriesName>false</SeriesName>
  <ThumbnailPath>_cache/fanart/original/73739-7.jpg</ThumbnailPath>
  <VignettePath>fanart/vignette/73739-7.jpg</VignettePath>
</Banner>
<Banner>
  <id>21771</id>
  <BannerPath>fanart/original/73739-12.jpg</BannerPath>
  <BannerType>fanart</BannerType>
  <BannerType2>1920x1080</BannerType2>
  <Colors>|213,200,209|31,13,3|218,187,158|</Colors>
  <Language>en</Language>
  <SeriesName>false</SeriesName>
  <ThumbnailPath>_cache/fanart/original/73739-12.jpg</ThumbnailPath>
  <VignettePath>fanart/vignette/73739-12.jpg</VignettePath>
</Banner>
<Banner>
  <id>20250</id>
  <BannerPath>fanart/original/73739-3.jpg</BannerPath>
  <BannerType>fanart</BannerType>
  <BannerType2>1280x720</BannerType2>
  <Colors>|235,237,234|9,9,9|61,117,164|</Colors>
  <Language>en</Language>
  <SeriesName>false</SeriesName>
  <ThumbnailPath>_cache/fanart/original/73739-3.jpg</ThumbnailPath>
  <VignettePath>fanart/vignette/73739-3.jpg</VignettePath>
</Banner>
<Banner>
  <id>22269</id>
  <BannerPath>fanart/original/73739-14.jpg</BannerPath>
  <BannerType>fanart</BannerType>
  <BannerType2>1280x720</BannerType2>
  <Colors>|192,209,216|38,51,60|139,164,186|</Colors>
  <Language>en</Language>
  <SeriesName>false</SeriesName>
  <ThumbnailPath>_cache/fanart/original/73739-14.jpg</ThumbnailPath>
  <VignettePath>fanart/vignette/73739-14.jpg</VignettePath>
</Banner>
<Banner>
  <id>40331</id>
  <BannerPath>fanart/original/73739-13.jpg</BannerPath>
  <BannerType>fanart</BannerType>
  <BannerType2>1280x720</BannerType2>
  <Colors>|211,225,238|215,226,232|191,186,180|</Colors>
  <Language>en</Language>
  <SeriesName>false</SeriesName>
  <ThumbnailPath>_cache/fanart/original/73739-13.jpg</ThumbnailPath>
  <VignettePath>fanart/vignette/73739-13.jpg</VignettePath>
</Banner>
<Banner>
  <id>24003</id>
  <BannerPath>fanart/original/73739-16.jpg</BannerPath>
  <BannerType>fanart</BannerType>
  <BannerType2>1280x720</BannerType2>
  <Colors>|143,191,227|160,195,225|152,196,225|</Colors>
  <Language>en</Language>
  <SeriesName>false</SeriesName>
  <ThumbnailPath>_cache/fanart/original/73739-16.jpg</ThumbnailPath>
  <VignettePath>fanart/vignette/73739-16.jpg</VignettePath>
</Banner>
<Banner>
  <id>58891</id>
  <BannerPath>fanart/original/73739-33.jpg</BannerPath>
  <BannerType>fanart</BannerType>
  <BannerType2>1280x720</BannerType2>
  <Colors></Colors>
  <Language>en</Language>
  <SeriesName>false</SeriesName>
  <ThumbnailPath>_cache/fanart/original/73739-33.jpg</ThumbnailPath>
  <VignettePath>fanart/vignette/73739-33.jpg</VignettePath>
</Banner>
<Banner>
  <id>20327</id>
  <BannerPath>fanart/original/73739-4.jpg</BannerPath>
  <BannerType>fanart</BannerType>
  <BannerType2>1280x720</BannerType2>
  <Colors>|224,225,220|63,86,117|189,217,254|</Colors>
  <Language>en</Language>
  <SeriesName>false</SeriesName>
  <ThumbnailPath>_cache/fanart/original/73739-4.jpg</ThumbnailPath>
  <VignettePath>fanart/vignette/73739-4.jpg</VignettePath>
</Banner>
<Banner>
  <id>21448</id>
  <BannerPath>fanart/original/73739-11.jpg</BannerPath>
  <BannerType>fanart</BannerType>
  <BannerType2>1920x1080</BannerType2>
  <Colors>|156,222,238|41,95,119|67,174,208|</Colors>
  <Language>en</Language>
  <SeriesName>false</SeriesName>
  <ThumbnailPath>_cache/fanart/original/73739-11.jpg</ThumbnailPath>
  <VignettePath>fanart/vignette/73739-11.jpg</VignettePath>
</Banner>
<Banner>
  <id>42811</id>
  <BannerPath>fanart/original/73739-31.jpg</BannerPath>
  <BannerType>fanart</BannerType>
  <BannerType2>1280x720</BannerType2>
  <Colors>|118,123,31|13,9,8|232,166,114|</Colors>
  <Language>en</Language>
  <SeriesName>false</SeriesName>
  <ThumbnailPath>_cache/fanart/original/73739-31.jpg</ThumbnailPath>
  <VignettePath>fanart/vignette/73739-31.jpg</VignettePath>
</Banner>
<Banner>
  <id>245291</id>
  <BannerPath>fanart/original/73739-40.jpg</BannerPath>
  <BannerType>fanart</BannerType>
  <BannerType2>1920x1080</BannerType2>
  <Colors>|205,194,190|0,2,17|46,64,48|</Colors>
  <Language>es</Language>
  <SeriesName>true</SeriesName>
  <ThumbnailPath>_cache/fanart/original/73739-40.jpg</ThumbnailPath>
  <VignettePath>fanart/vignette/73739-40.jpg</VignettePath>
</Banner>
<Banner>
  <id>20457</id>
  <BannerPath>fanart/original/73739-6.jpg</BannerPath>
  <BannerType>fanart</BannerType>
  <BannerType2>1280x720</BannerType2>
  <Colors>|127,156,46|62,54,52|230,236,252|</Colors>
  <Language>en</Language>
  <SeriesName>false</SeriesName>
  <ThumbnailPath>_cache/fanart/original/73739-6.jpg</ThumbnailPath>
  <VignettePath>fanart/vignette/73739-6.jpg</VignettePath>
</Banner>
<Banner>
  <id>20525</id>
  <BannerPath>fanart/original/73739-8.jpg</BannerPath>
  <BannerType>fanart</BannerType>
  <BannerType2>1280x720</BannerType2>
  <Colors>|233,210,192|77,57,56|70,100,26|</Colors>
  <Language>en</Language>
  <SeriesName>false</SeriesName>
  <ThumbnailPath>_cache/fanart/original/73739-8.jpg</ThumbnailPath>
  <VignettePath>fanart/vignette/73739-8.jpg</VignettePath>
</Banner>
<Banner>
  <id>24004</id>
  <BannerPath>fanart/original/73739-18.jpg</BannerPath>
  <BannerType>fanart</BannerType>
  <BannerType2>1280x720</BannerType2>
  <Colors>|221,254,207|16,35,16|189,154,116|</Colors>
  <Language>en</Language>
  <SeriesName>false</SeriesName>
  <ThumbnailPath>_cache/fanart/original/73739-18.jpg</ThumbnailPath>
  <VignettePath>fanart/vignette/73739-18.jpg</VignettePath>
</Banner>
<Banner>
  <id>20799</id>
  <BannerPath>fanart/original/73739-10.jpg</BannerPath>
  <BannerType>fanart</BannerType>
  <BannerType2>1280x720</BannerType2>
  <Colors>|95,142,48|10,57,3|188,161,118|</Colors>
  <Language>en</Language>
  <SeriesName>false</SeriesName>
  <ThumbnailPath>_cache/fanart/original/73739-10.jpg</ThumbnailPath>
  <VignettePath>fanart/vignette/73739-10.jpg</VignettePath>
</Banner>
<Banner>
  <id>91341</id>
  <BannerPath>fanart/original/73739-35.jpg</BannerPath>
  <BannerType>fanart</BannerType>
  <BannerType2>1920x1080</BannerType2>
  <Colors>|105,84,67|9,12,19|34,54,45|</Colors>
  <Language>en</Language>
  <SeriesName>true</SeriesName>
  <ThumbnailPath>_cache/fanart/original/73739-35.jpg</ThumbnailPath>
  <VignettePath>fanart/vignette/73739-35.jpg</VignettePath>
</Banner>
<Banner>
  <id>30285</id>
  <BannerPath>fanart/original/73739-24.jpg</BannerPath>
  <BannerType>fanart</BannerType>
  <BannerType2>1280x720</BannerType2>
  <Colors>|219,155,119|255,194,147|171,142,76|</Colors>
  <Language>en</Language>
  <SeriesName>false</SeriesName>
  <ThumbnailPath>_cache/fanart/original/73739-24.jpg</ThumbnailPath>
  <VignettePath>fanart/vignette/73739-24.jpg</VignettePath>
</Banner>
<Banner>
  <id>92111</id>
  <BannerPath>fanart/original/73739-36.jpg</BannerPath>
  <BannerType>fanart</BannerType>
  <BannerType2>1920x1080</BannerType2>
  <Colors></Colors>
  <Language>de</Language>
  <SeriesName>false</SeriesName>
  <ThumbnailPath>_cache/fanart/original/73739-36.jpg</ThumbnailPath>
  <VignettePath>fanart/vignette/73739-36.jpg</VignettePath>
</Banner>
<Banner>
  <id>225161</id>
  <BannerPath>fanart/original/73739-39.jpg</BannerPath>
  <BannerType>fanart</BannerType>
  <BannerType2>1280x720</BannerType2>
  <Colors></Colors>
  <Language>en</Language>
  <SeriesName>true</SeriesName>
  <ThumbnailPath>_cache/fanart/original/73739-39.jpg</ThumbnailPath>
  <VignettePath>fanart/vignette/73739-39.jpg</VignettePath>
</Banner>
<Banner>
  <id>92121</id>
  <BannerPath>fanart/original/73739-37.jpg</BannerPath>
  <BannerType>fanart</BannerType>
  <BannerType2>1920x1080</BannerType2>
  <Colors></Colors>
  <Language>de</Language>
  <SeriesName>false</SeriesName>
  <ThumbnailPath>_cache/fanart/original/73739-37.jpg</ThumbnailPath>
  <VignettePath>fanart/vignette/73739-37.jpg</VignettePath>
</Banner>
<Banner>
  <id>30283</id>
  <BannerPath>fanart/original/73739-5.jpg</BannerPath>
  <BannerType>fanart</BannerType>
  <BannerType2>1280x720</BannerType2>
  <Colors>|255,254,233|13,14,6|105,102,83|</Colors>
  <Language>en</Language>
  <SeriesName>false</SeriesName>
  <ThumbnailPath>_cache/fanart/original/73739-5.jpg</ThumbnailPath>
  <VignettePath>fanart/vignette/73739-5.jpg</VignettePath>
</Banner>
<Banner>
  <id>260161</id>
  <BannerPath>fanart/original/73739-41.jpg</BannerPath>
  <BannerType>fanart</BannerType>
  <BannerType2>1280x720</BannerType2>
  <Colors></Colors>
  <Language>en</Language>
  <SeriesName>true</SeriesName>
  <ThumbnailPath>_cache/fanart/original/73739-41.jpg</ThumbnailPath>
  <VignettePath>fanart/vignette/73739-41.jpg</VignettePath>
</Banner>
<Banner>
  <id>35613</id>
  <BannerPath>fanart/original/73739-28.jpg</BannerPath>
  <BannerType>fanart</BannerType>
  <BannerType2>1280x720</BannerType2>
  <Colors>|236,236,238|63,60,43|175,160,121|</Colors>
  <Language>en</Language>
  <SeriesName>false</SeriesName>
  <ThumbnailPath>_cache/fanart/original/73739-28.jpg</ThumbnailPath>
  <VignettePath>fanart/vignette/73739-28.jpg</VignettePath>
</Banner>
<Banner>
  <id>35615</id>
  <BannerPath>fanart/original/73739-30.jpg</BannerPath>
  <BannerType>fanart</BannerType>
  <BannerType2>1280x720</BannerType2>
  <Colors>|241,245,244|26,23,4|216,187,147|</Colors>
  <Language>en</Language>
  <SeriesName>false</SeriesName>
  <ThumbnailPath>_cache/fanart/original/73739-30.jpg</ThumbnailPath>
  <VignettePath>fanart/vignette/73739-30.jpg</VignettePath>
</Banner>
<Banner>
  <id>30284</id>
  <BannerPath>fanart/original/73739-21.jpg</BannerPath>
  <BannerType>fanart</BannerType>
  <BannerType2>1280x720</BannerType2>
  <Colors></Colors>
  <Language>en</Language>
  <SeriesName>false</SeriesName>
  <ThumbnailPath>_cache/fanart/original/73739-21.jpg</ThumbnailPath>
  <VignettePath>fanart/vignette/73739-21.jpg</VignettePath>
</Banner>
<Banner>
  <id>35614</id>
  <BannerPath>fanart/original/73739-29.jpg</BannerPath>
  <BannerType>fanart</BannerType>
  <BannerType2>1280x720</BannerType2>
  <Colors>|242,237,241|20,25,18|179,164,125|</Colors>
  <Language>en</Language>
  <SeriesName>false</SeriesName>
  <ThumbnailPath>_cache/fanart/original/73739-29.jpg</ThumbnailPath>
  <VignettePath>fanart/vignette/73739-29.jpg</VignettePath>
</Banner>
<Banner>
  <id>40330</id>
  <BannerPath>posters/73739-7.jpg</BannerPath>
  <BannerType>poster</BannerType>
  <BannerType2>680x1000</BannerType2>
  <Language>en</Language>
</Banner>
<Banner>
  <id>25884</id>
  <BannerPath>posters/73739-1.jpg</BannerPath>
  <BannerType>poster</BannerType>
  <BannerType2>680x1000</BannerType2>
  <Language>en</Language>
</Banner>
<Banner>
  <id>35644</id>
  <BannerPath>posters/73739-6.jpg</BannerPath>
  <BannerType>poster</BannerType>
  <BannerType2>680x1000</BannerType2>
  <Language>en</Language>
</Banner>
<Banner>
  <id>34142</id>
  <BannerPath>posters/73739-5.jpg</BannerPath>
  <BannerType>poster</BannerType>
  <BannerType2>680x1000</BannerType2>
  <Language>en</Language>
</Banner>
<Banner>
  <id>260151</id>
  <BannerPath>posters/73739-8.jpg</BannerPath>
  <BannerType>poster</BannerType>
  <BannerType2>680x1000</BannerType2>
  <Language>en</Language>
</Banner>
<Banner>
  <id>28055</id>
  <BannerPath>posters/73739-2.jpg</BannerPath>
  <BannerType>poster</BannerType>
  <BannerType2>680x1000</BannerType2>
  <Language>en</Language>
</Banner>
<Banner>
  <id>29007</id>
  <BannerPath>posters/73739-4.jpg</BannerPath>
  <BannerType>poster</BannerType>
  <BannerType2>680x1000</BannerType2>
  <Language>en</Language>
</Banner>
<Banner>
  <id>28414</id>
  <BannerPath>posters/73739-3.jpg</BannerPath>
  <BannerType>poster</BannerType>
  <BannerType2>680x1000</BannerType2>
  <Language>en</Language>
</Banner>
<Banner>
  <id>122621</id>
  <BannerPath>seasons/73739-5-3.jpg</BannerPath>
  <BannerType>season</BannerType>
  <BannerType2>season</BannerType2>
  <Language>en</Language>
  <Season>5</Season>
</Banner>
<Banner>
  <id>16912</id>
  <BannerPath>seasons/73739-2.jpg</BannerPath>
  <BannerType>season</BannerType>
  <BannerType2>season</BannerType2>
  <Language>en</Language>
  <Season>2</Season>
</Banner>
<Banner>
  <id>9079</id>
  <BannerPath>seasons/24313-1-2.jpg</BannerPath>
  <BannerType>season</BannerType>
  <BannerType2>season</BannerType2>
  <Language>en</Language>
  <Season>1</Season>
</Banner>
<Banner>
  <id>17176</id>
  <BannerPath>seasons/73739-1-2.jpg</BannerPath>
  <BannerType>season</BannerType>
  <BannerType2>season</BannerType2>
  <Language>en</Language>
  <Season>1</Season>
</Banner>
<Banner>
  <id>17936</id>
  <BannerPath>seasons/73739-0.jpg</BannerPath>
  <BannerType>season</BannerType>
  <BannerType2>season</BannerType2>
  <Language>en</Language>
  <Season>0</Season>
</Banner>
<Banner>
  <id>31337</id>
  <BannerPath>seasons/73739-4-7.jpg</BannerPath>
  <BannerType>season</BannerType>
  <BannerType2>season</BannerType2>
  <Language>en</Language>
  <Season>4</Season>
</Banner>
<Banner>
  <id>21364</id>
  <BannerPath>seasons/73739-3-2.jpg</BannerPath>
  <BannerType>season</BannerType>
  <BannerType2>season</BannerType2>
  <Language>en</Language>
  <Season>3</Season>
</Banner>
<Banner>
  <id>19460</id>
  <BannerPath>seasons/73739-4-3.jpg</BannerPath>
  <BannerType>season</BannerType>
  <BannerType2>season</BannerType2>
  <Language>en</Language>
  <Season>4</Season>
</Banner>
<Banner>
  <id>16913</id>
  <BannerPath>seasons/73739-1.jpg</BannerPath>
  <BannerType>season</BannerType>
  <BannerType2>season</BannerType2>
  <Language>en</Language>
  <Season>1</Season>
</Banner>
<Banner>
  <id>23356</id>
  <BannerPath>seasons/73739-4-4.jpg</BannerPath>
  <BannerType>season</BannerType>
  <BannerType2>season</BannerType2>
  <Language>en</Language>
  <Season>4</Season>
</Banner>
<Banner>
  <id>34080</id>
  <BannerPath>seasons/73739-5.jpg</BannerPath>
  <BannerType>season</BannerType>
  <BannerType2>season</BannerType2>
  <Language>en</Language>
  <Season>5</Season>
</Banner>
<Banner>
  <id>19018</id>
  <BannerPath>seasons/73739-4-2.jpg</BannerPath>
  <BannerType>season</BannerType>
  <BannerType2>season</BannerType2>
  <Language>en</Language>
  <Season>4</Season>
</Banner>
<Banner>
  <id>89201</id>
  <BannerPath>seasons/73739-5-2.jpg</BannerPath>
  <BannerType>season</BannerType>
  <BannerType2>season</BannerType2>
  <Language>en</Language>
  <Season>5</Season>
</Banner>
<Banner>
  <id>8865</id>
  <BannerPath>seasons/24313-3.jpg</BannerPath>
  <BannerType>season</BannerType>
  <BannerType2>season</BannerType2>
  <Language>en</Language>
  <Season>3</Season>
</Banner>
<Banner>
  <id>31261</id>
  <BannerPath>seasons/73739-3-6.jpg</BannerPath>
  <BannerType>season</BannerType>
  <BannerType2>season</BannerType2>
  <Language>en</Language>
  <Season>3</Season>
</Banner>
<Banner>
  <id>6543</id>
  <BannerPath>seasons/24313-2.jpg</BannerPath>
  <BannerType>season</BannerType>
  <BannerType2>season</BannerType2>
  <Language>en</Language>
  <Season>2</Season>
</Banner>
<Banner>
  <id>37703</id>
  <BannerPath>seasons/73739-3-8.jpg</BannerPath>
  <BannerType>season</BannerType>
  <BannerType2>season</BannerType2>
  <Language>en</Language>
  <Season>3</Season>
</Banner>
<Banner>
  <id>60721</id>
  <BannerPath>seasons/73739-4-9.jpg</BannerPath>
  <BannerType>season</BannerType>
  <BannerType2>season</BannerType2>
  <Language>de</Language>
  <Season>4</Season>
</Banner>
<Banner>
  <id>60701</id>
  <BannerPath>seasons/73739-3-9.jpg</BannerPath>
  <BannerType>season</BannerType>
  <BannerType2>season</BannerType2>
  <Language>de</Language>
  <Season>3</Season>
</Banner>
<Banner>
  <id>14048</id>
  <BannerPath>seasons/73739-3.jpg</BannerPath>
  <BannerType>season</BannerType>
  <BannerType2>season</BannerType2>
  <Language>en</Language>
  <Season>3</Season>
</Banner>
<Banner>
  <id>6542</id>
  <BannerPath>seasons/24313-1.jpg</BannerPath>
  <BannerType>season</BannerType>
  <BannerType2>season</BannerType2>
  <Language>en</Language>
  <Season>1</Season>
</Banner>
<Banner>
  <id>18063</id>
  <BannerPath>seasons/73739-4.jpg</BannerPath>
  <BannerType>season</BannerType>
  <BannerType2>season</BannerType2>
  <Language>en</Language>
  <Season>4</Season>
</Banner>
<Banner>
  <id>9080</id>
  <BannerPath>seasons/24313-2-2.jpg</BannerPath>
  <BannerType>season</BannerType>
  <BannerType2>season</BannerType2>
  <Language>en</Language>
  <Season>2</Season>
</Banner>
<Banner>
  <id>27414</id>
  <BannerPath>seasons/73739-4-5.jpg</BannerPath>
  <BannerType>season</BannerType>
  <BannerType2>season</BannerType2>
  <Language>es</Language>
  <Season>4</Season>
</Banner>
<Banner>
  <id>27457</id>
  <BannerPath>seasons/73739-4-6.jpg</BannerPath>
  <BannerType>season</BannerType>
  <BannerType2>season</BannerType2>
  <Language>es</Language>
  <Season>4</Season>
</Banner>
<Banner>
  <id>34601</id>
  <BannerPath>seasons/73739-1-4.jpg</BannerPath>
  <BannerType>season</BannerType>
  <BannerType2>season</BannerType2>
  <Language>hu</Language>
  <Season>1</Season>
</Banner>
<Banner>
  <id>34605</id>
  <BannerPath>seasons/73739-2-3.jpg</BannerPath>
  <BannerType>season</BannerType>
  <BannerType2>season</BannerType2>
  <Language>hu</Language>
  <Season>2</Season>
</Banner>
<Banner>
  <id>18953</id>
  <BannerPath>seasons/73739-2-2.jpg</BannerPath>
  <BannerType>season</BannerType>
  <BannerType2>season</BannerType2>
  <Language>es</Language>
  <Season>2</Season>
</Banner>
<Banner>
  <id>72001</id>
  <BannerPath>seasons/73739-4-10.jpg</BannerPath>
  <BannerType>season</BannerType>
  <BannerType2>season</BannerType2>
  <Language>hu</Language>
  <Season>4</Season>
</Banner>
<Banner>
  <id>27416</id>
  <BannerPath>seasons/73739-3-5.jpg</BannerPath>
  <BannerType>season</BannerType>
  <BannerType2>season</BannerType2>
  <Language>es</Language>
  <Season>3</Season>
</Banner>
<Banner>
  <id>27415</id>
  <BannerPath>seasons/73739-3-4.jpg</BannerPath>
  <BannerType>season</BannerType>
  <BannerType2>season</BannerType2>
  <Language>es</Language>
  <Season>3</Season>
</Banner>
<Banner>
  <id>27406</id>
  <BannerPath>seasons/73739-3-3.jpg</BannerPath>
  <BannerType>season</BannerType>
  <BannerType2>season</BannerType2>
  <Language>es</Language>
  <Season>3</Season>
</Banner>
<Banner>
  <id>34611</id>
  <BannerPath>seasons/73739-4-8.jpg</BannerPath>
  <BannerType>season</BannerType>
  <BannerType2>season</BannerType2>
  <Language>hu</Language>
  <Season>4</Season>
</Banner>
<Banner>
  <id>27405</id>
  <BannerPath>seasons/73739-1-3.jpg</BannerPath>
  <BannerType>season</BannerType>
  <BannerType2>season</BannerType2>
  <Language>es</Language>
  <Season>1</Season>
</Banner>
<Banner>
  <id>34602</id>
  <BannerPath>seasons/73739-3-7.jpg</BannerPath>
  <BannerType>season</BannerType>
  <BannerType2>season</BannerType2>
  <Language>hu</Language>
  <Season>3</Season>
</Banner>
<Banner>
  <id>18106</id>
  <BannerPath>seasonswide/73739-4.jpg</BannerPath>
  <BannerType>season</BannerType>
  <BannerType2>seasonwide</BannerType2>
  <Language>en</Language>
  <Season>4</Season>
</Banner>
<Banner>
  <id>18103</id>
  <BannerPath>seasonswide/73739-1.jpg</BannerPath>
  <BannerType>season</BannerType>
  <BannerType2>seasonwide</BannerType2>
  <Language>en</Language>
  <Season>1</Season>
</Banner>
<Banner>
  <id>18105</id>
  <BannerPath>seasonswide/73739-3.jpg</BannerPath>
  <BannerType>season</BannerType>
  <BannerType2>seasonwide</BannerType2>
  <Language>en</Language>
  <Season>3</Season>
</Banner>
<Banner>
  <id>22507</id>
  <BannerPath>seasonswide/73739-4-2.jpg</BannerPath>
  <BannerType>season</BannerType>
  <BannerType2>seasonwide</BannerType2>
  <Language>it</Language>
  <Season>4</Season>
</Banner>
<Banner>
  <id>18104</id>
  <BannerPath>seasonswide/73739-2.jpg</BannerPath>
  <BannerType>season</BannerType>
  <BannerType2>seasonwide</BannerType2>
  <Language>en</Language>
  <Season>2</Season>
</Banner>
<Banner>
  <id>13944</id>
  <BannerPath>graphical/73739-g4.jpg</BannerPath>
  <BannerType>series</BannerType>
  <BannerType2>graphical</BannerType2>
  <Language>en</Language>
</Banner>
<Banner>
  <id>19017</id>
  <BannerPath>graphical/73739-g6.jpg</BannerPath>
  <BannerType>series</BannerType>
  <BannerType2>graphical</BannerType2>
  <Language>en</Language>
</Banner>
<Banner>
  <id>9529</id>
  <BannerPath>graphical/73739-g.jpg</BannerPath>
  <BannerType>series</BannerType>
  <BannerType2>graphical</BannerType2>
  <Language>en</Language>
</Banner>
<Banner>
  <id>24035</id>
  <BannerPath>graphical/73739-g8.jpg</BannerPath>
  <BannerType>series</BannerType>
  <BannerType2>graphical</BannerType2>
  <Language>en</Language>
</Banner>
<Banner>
  <id>11739</id>
  <BannerPath>graphical/73739-g3.jpg</BannerPath>
  <BannerType>series</BannerType>
  <BannerType2>graphical</BannerType2>
  <Language>en</Language>
</Banner>
<Banner>
  <id>21786</id>
  <BannerPath>graphical/73739-g7.jpg</BannerPath>
  <BannerType>series</BannerType>
  <BannerType2>graphical</BannerType2>
  <Language>en</Language>
</Banner>
<Banner>
  <id>13943</id>
  <BannerPath>graphical/73739-g5.jpg</BannerPath>
  <BannerType>series</BannerType>
  <BannerType2>graphical</BannerType2>
  <Language>en</Language>
</Banner>
<Banner>
  <id>6558</id>
  <BannerPath>graphical/24313-g2.jpg</BannerPath>
  <BannerType>series</BannerType>
  <BannerType2>graphical</BannerType2>
  <Language>en</Language>
</Banner>
<Banner>
  <id>5415</id>
  <BannerPath>graphical/24313-g.jpg</BannerPath>
  <BannerType>series</BannerType>
  <BannerType2>graphical</BannerType2>
  <Language>en</Language>
</Banner>
<Banner>
  <id>43395</id>
  <BannerPath>graphical/73739-g10.jpg</BannerPath>
  <BannerType>series</BannerType>
  <BannerType2>graphical</BannerType2>
  <Language>en</Language>
</Banner>
<Banner>
  <id>12801</id>
  <BannerPath>blank/73739.jpg</BannerPath>
  <BannerType>series</BannerType>
  <BannerType2>blank</BannerType2>
  <Language>en</Language>
</Banner>
<Banner>
  <id>11738</id>
  <BannerPath>graphical/73739-g2.jpg</BannerPath>
  <BannerType>series</BannerType>
  <BannerType2>graphical</BannerType2>
  <Language>en</Language>
</Banner>
<Banner>
  <id>34607</id>
  <BannerPath>graphical/73739-g9.jpg</BannerPath>
  <BannerType>series</BannerType>
  <BannerType2>graphical</BannerType2>
  <Language>hu</Language>
</Banner>
</Banners>